run_id,input.gff_file,input.fasta_file,input.earlgrey_gff_file,population.n_individuals,population.n_generations,mutation_rate,selection_distribution,selection_low,selection_high,misc.print_all_generations,tracking.selection_distribution,tracking.selection_low,tracking.selection_high,TE-COPY.selection_distribution,TE-COPY.selection_low,TE-COPY.selection_high,TE-COPY.duplication_rate,TE-COPY.deletion_rate,TE-COPY.multiplier_rate,compress
0,/home/sam/Software/PansimNuc/testing/synthetic_high_gene_density_coding.gff,/home/sam/Software/PansimNuc/testing/synthetic_high_gene_density.fasta,/home/sam/Software/PansimNuc/testing/synthetic_high_gene_density_earlgrey.gff,50,500,1e-50,uniform,1e-2,1e-1,false,uniform,-1e-15,1e-15,uniform,-1e-15,1e-15,2e0,2e0,0.01,true
1,/home/sam/Software/PansimNuc/testing/synthetic_high_gene_density_coding.gff,/home/sam/Software/PansimNuc/testing/synthetic_high_gene_density.fasta,/home/sam/Software/PansimNuc/testing/synthetic_high_gene_density_earlgrey.gff,50,500,1e-50,uniform,1e-2,1e-1,false,uniform,-1e-15,1e-15,uniform,-1e-15,1e-15,2e0,2e0,1.0,true
2,/home/sam/Software/PansimNuc/testing/synthetic_high_gene_density_coding.gff,/home/sam/Software/PansimNuc/testing/synthetic_high_gene_density.fasta,/home/sam/Software/PansimNuc/testing/synthetic_high_gene_density_earlgrey.gff,50,500,1e-50,uniform,1e-2,1e-1,false,uniform,-1e-15,1e-15,uniform,-1e-15,1e-15,2e0,4e0,0.01,true
3,/home/sam/Software/PansimNuc/testing/synthetic_high_gene_density_coding.gff,/home/sam/Software/PansimNuc/testing/synthetic_high_gene_density.fasta,/home/sam/Software/PansimNuc/testing/synthetic_high_gene_density_earlgrey.gff,50,500,1e-50,uniform,1e-2,1e-1,false,uniform,-1e-15,1e-15,uniform,-1e-15,1e-15,2e0,4e0,1.0,true
4,/home/sam/Software/PansimNuc/testing/synthetic_high_gene_density_coding.gff,/home/sam/Software/PansimNuc/testing/synthetic_high_gene_density.fasta,/home/sam/Software/PansimNuc/testing/synthetic_high_gene_density_earlgrey.gff,50,500,1e-50,uniform,1e-2,1e-1,false,uniform,-1e-15,1e-15,uniform,-1e-15,1e-15,4e0,2e0,0.01,true
5,/home/sam/Software/PansimNuc/testing/synthetic_high_gene_density_coding.gff,/home/sam/Software/PansimNuc/testing/synthetic_high_gene_density.fasta,/home/sam/Software/PansimNuc/testing/synthetic_high_gene_density_earlgrey.gff,50,500,1e-50,uniform,1e-2,1e-1,false,uniform,-1e-15,1e-15,uniform,-1e-15,1e-15,4e0,2e0,1.0,true
6,/home/sam/Software/PansimNuc/testing/synthetic_high_gene_density_coding.gff,/home/sam/Software/PansimNuc/testing/synthetic_high_gene_density.fasta,/home/sam/Software/PansimNuc/testing/synthetic_high_gene_density_earlgrey.gff,50,500,1e-50,uniform,1e-2,1e-1,false,uniform,-1e-15,1e-15,uniform,-1e-15,1e-15,4e0,4e0,0.01,true
7,/home/sam/Software/PansimNuc/testing/synthetic_high_gene_density_coding.gff,/home/sam/Software/PansimNuc/testing/synthetic_high_gene_density.fasta,/home/sam/Software/PansimNuc/testing/synthetic_high_gene_density_earlgrey.gff,50,500,1e-50,uniform,1e-2,1e-1,false,uniform,-1e-15,1e-15,uniform,-1e-15,1e-15,4e0,4e0,1.0,true
8,/home/sam/Software/PansimNuc/testing/synthetic_high_gene_density_coding.gff,/home/sam/Software/PansimNuc/testing/synthetic_high_gene_density.fasta,/home/sam/Software/PansimNuc/testing/synthetic_high_gene_density_earlgrey.gff,50,500,1e-50,uniform,1e-2,1e-1,false,uniform,-1e-15,1e-1,uniform,-1e-15,1e-15,2e0,2e0,0.01,true
9,/home/sam/Software/PansimNuc/testing/synthetic_high_gene_density_coding.gff,/home/sam/Software/PansimNuc/testing/synthetic_high_gene_density.fasta,/home/sam/Software/PansimNuc/testing/synthetic_high_gene_density_earlgrey.gff,50,500,1e-50,uniform,1e-2,1e-1,false,uniform,-1e-15,1e-1,uniform,-1e-15,1e-15,2e0,2e0,1.0,true
10,/home/sam/Software/PansimNuc/testing/synthetic_high_gene_density_coding.gff,/home/sam/Software/PansimNuc/testing/synthetic_high_gene_density.fasta,/home/sam/Software/PansimNuc/testing/synthetic_high_gene_density_earlgrey.gff,50,500,1e-50,uniform,1e-2,1e-1,false,uniform,-1e-15,1e-1,uniform,-1e-15,1e-15,2e0,4e0,0.01,true
11,/home/sam/Software/PansimNuc/testing/synthetic_high_gene_density_coding.gff,/home/sam/Software/PansimNuc/testing/synthetic_high_gene_density.fasta,/home/sam/Software/PansimNuc/testing/synthetic_high_gene_density_earlgrey.gff,50,500,1e-50,uniform,1e-2,1e-1,false,uniform,-1e-15,1e-1,uniform,-1e-15,1e-15,2e0,4e0,1.0,true
12,/home/sam/Software/PansimNuc/testing/synthetic_high_gene_density_coding.gff,/home/sam/Software/PansimNuc/testing/synthetic_high_gene_density.fasta,/home/sam/Software/PansimNuc/testing/synthetic_high_gene_density_earlgrey.gff,50,500,1e-50,uniform,1e-2,1e-1,false,uniform,-1e-15,1e-1,uniform,-1e-15,1e-15,4e0,2e0,0.01,true
13,/home/sam/Software/PansimNuc/testing/synthetic_high_gene_density_coding.gff,/home/sam/Software/PansimNuc/testing/synthetic_high_gene_density.fasta,/home/sam/Software/PansimNuc/testing/synthetic_high_gene_density_earlgrey.gff,50,500,1e-50,uniform,1e-2,1e-1,false,uniform,-1e-15,1e-1,uniform,-1e-15,1e-15,4e0,2e0,1.0,true
14,/home/sam/Software/PansimNuc/testing/synthetic_high_gene_density_coding.gff,/home/sam/Software/PansimNuc/testing/synthetic_high_gene_density.fasta,/home/sam/Software/PansimNuc/testing/synthetic_high_gene_density_earlgrey.gff,50,500,1e-50,uniform,1e-2,1e-1,false,uniform,-1e-15,1e-1,uniform,-1e-15,1e-15,4e0,4e0,0.01,true
15,/home/sam/Software/PansimNuc/testing/synthetic_high_gene_density_coding.gff,/home/sam/Software/PansimNuc/testing/synthetic_high_gene_density.fasta,/home/sam/Software/PansimNuc/testing/synthetic_high_gene_density_earlgrey.gff,50,500,1e-50,uniform,1e-2,1e-1,false,uniform,-1e-15,1e-1,uniform,-1e-15,1e-15,4e0,4e0,1.0,true
16,/home/sam/Software/PansimNuc/testing/synthetic_high_gene_density_coding.gff,/home/sam/Software/PansimNuc/testing/synthetic_high_gene_density.fasta,/home/sam/Software/PansimNuc/testing/synthetic_high_gene_density_earlgrey.gff,50,500,1e-50,uniform,1e-2,1e-1,false,uniform,1e-2,1e-15,uniform,-1e-15,1e-15,2e0,2e0,0.01,true
17,/home/sam/Software/PansimNuc/testing/synthetic_high_gene_density_coding.gff,/home/sam/Software/PansimNuc/testing/synthetic_high_gene_density.fasta,/home/sam/Software/PansimNuc/testing/synthetic_high_gene_density_earlgrey.gff,50,500,1e-50,uniform,1e-2,1e-1,false,uniform,1e-2,1e-15,uniform,-1e-15,1e-15,2e0,2e0,1.0,true
18,/home/sam/Software/PansimNuc/testing/synthetic_high_gene_density_coding.gff,/home/sam/Software/PansimNuc/testing/synthetic_high_gene_density.fasta,/home/sam/Software/PansimNuc/testing/synthetic_high_gene_density_earlgrey.gff,50,500,1e-50,uniform,1e-2,1e-1,false,uniform,1e-2,1e-15,uniform,-1e-15,1e-15,2e0,4e0,0.01,true
19,/home/sam/Software/PansimNuc/testing/synthetic_high_gene_density_coding.gff,/home/sam/Software/PansimNuc/testing/synthetic_high_gene_density.fasta,/home/sam/Software/PansimNuc/testing/synthetic_high_gene_density_earlgrey.gff,50,500,1e-50,uniform,1e-2,1e-1,false,uniform,1e-2,1e-15,uniform,-1e-15,1e-15,2e0,4e0,1.0,true
20,/home/sam/Software/PansimNuc/testing/synthetic_high_gene_density_coding.gff,/home/sam/Software/PansimNuc/testing/synthetic_high_gene_density.fasta,/home/sam/Software/PansimNuc/testing/synthetic_high_gene_density_earlgrey.gff,50,500,1e-50,uniform,1e-2,1e-1,false,uniform,1e-2,1e-15,uniform,-1e-15,1e-15,4e0,2e0,0.01,true
21,/home/sam/Software/PansimNuc/testing/synthetic_high_gene_density_coding.gff,/home/sam/Software/PansimNuc/testing/synthetic_high_gene_density.fasta,/home/sam/Software/PansimNuc/testing/synthetic_high_gene_density_earlgrey.gff,50,500,1e-50,uniform,1e-2,1e-1,false,uniform,1e-2,1e-15,uniform,-1e-15,1e-15,4e0,2e0,1.0,true
22,/home/sam/Software/PansimNuc/testing/synthetic_high_gene_density_coding.gff,/home/sam/Software/PansimNuc/testing/synthetic_high_gene_density.fasta,/home/sam/Software/PansimNuc/testing/synthetic_high_gene_density_earlgrey.gff,50,500,1e-50,uniform,1e-2,1e-1,false,uniform,1e-2,1e-15,uniform,-1e-15,1e-15,4e0,4e0,0.01,true
23,/home/sam/Software/PansimNuc/testing/synthetic_high_gene_density_coding.gff,/home/sam/Software/PansimNuc/testing/synthetic_high_gene_density.fasta,/home/sam/Software/PansimNuc/testing/synthetic_high_gene_density_earlgrey.gff,50,500,1e-50,uniform,1e-2,1e-1,false,uniform,1e-2,1e-15,uniform,-1e-15,1e-15,4e0,4e0,1.0,true
24,/home/sam/Software/PansimNuc/testing/synthetic_high_gene_density_coding.gff,/home/sam/Software/PansimNuc/testing/synthetic_high_gene_density.fasta,/home/sam/Software/PansimNuc/testing/synthetic_high_gene_density_earlgrey.gff,50,500,1e-50,uniform,1e-2,1e-1,false,uniform,1e-2,1e-1,uniform,-1e-15,1e-15,2e0,2e0,0.01,true
25,/home/sam/Software/PansimNuc/testing/synthetic_high_gene_density_coding.gff,/home/sam/Software/PansimNuc/testing/synthetic_high_gene_density.fasta,/home/sam/Software/PansimNuc/testing/synthetic_high_gene_density_earlgrey.gff,50,500,1e-50,uniform,1e-2,1e-1,false,uniform,1e-2,1e-1,uniform,-1e-15,1e-15,2e0,2e0,1.0,true
26,/home/sam/Software/PansimNuc/testing/synthetic_high_gene_density_coding.gff,/home/sam/Software/PansimNuc/testing/synthetic_high_gene_density.fasta,/home/sam/Software/PansimNuc/testing/synthetic_high_gene_density_earlgrey.gff,50,500,1e-50,uniform,1e-2,1e-1,false,uniform,1e-2,1e-1,uniform,-1e-15,1e-15,2e0,4e0,0.01,true
27,/home/sam/Software/PansimNuc/testing/synthetic_high_gene_density_coding.gff,/home/sam/Software/PansimNuc/testing/synthetic_high_gene_density.fasta,/home/sam/Software/PansimNuc/testing/synthetic_high_gene_density_earlgrey.gff,50,500,1e-50,uniform,1e-2,1e-1,false,uniform,1e-2,1e-1,uniform,-1e-15,1e-15,2e0,4e0,1.0,true
28,/home/sam/Software/PansimNuc/testing/synthetic_high_gene_density_coding.gff,/home/sam/Software/PansimNuc/testing/synthetic_high_gene_density.fasta,/home/sam/Software/PansimNuc/testing/synthetic_high_gene_density_earlgrey.gff,50,500,1e-50,uniform,1e-2,1e-1,false,uniform,1e-2,1e-1,uniform,-1e-15,1e-15,4e0,2e0,0.01,true
29,/home/sam/Software/PansimNuc/testing/synthetic_high_gene_density_coding.gff,/home/sam/Software/PansimNuc/testing/synthetic_high_gene_density.fasta,/home/sam/Software/PansimNuc/testing/synthetic_high_gene_density_earlgrey.gff,50,500,1e-50,uniform,1e-2,1e-1,false,uniform,1e-2,1e-1,uniform,-1e-15,1e-15,4e0,2e0,1.0,true
30,/home/sam/Software/PansimNuc/testing/synthetic_high_gene_density_coding.gff,/home/sam/Software/PansimNuc/testing/synthetic_high_gene_density.fasta,/home/sam/Software/PansimNuc/testing/synthetic_high_gene_density_earlgrey.gff,50,500,1e-50,uniform,1e-2,1e-1,false,uniform,1e-2,1e-1,uniform,-1e-15,1e-15,4e0,4e0,0.01,true
31,/home/sam/Software/PansimNuc/testing/synthetic_high_gene_density_coding.gff,/home/sam/Software/PansimNuc/testing/synthetic_high_gene_density.fasta,/home/sam/Software/PansimNuc/testing/synthetic_high_gene_density_earlgrey.gff,50,500,1e-50,uniform,1e-2,1e-1,false,uniform,1e-2,1e-1,uniform,-1e-15,1e-15,4e0,4e0,1.0,true
