run_id,input.gff_file,input.fasta_file,input.earlgrey_gff_file,population.n_individuals,population.n_generations,mutation_rate,selection_distribution,selection_lambda1,selection_lambda2,selection_cutoff,misc.print_all_generations,population.recombination_rate,population.population_splits,population.generation_splits,population.migration_rate,compress
0,/home/sam/Software/PansimNuc/testing/Zymo_chr19.gff,/home/sam/Software/PansimNuc/testing/Zymo_chr19.fasta,/home/sam/Software/PansimNuc/testing/Zymo_EarlGrey_chr19.gff,50,500,1e-6,double_exp,1e14,1e14,0.1,true,1e-30,2,250,0.0,true
1,/home/sam/Software/PansimNuc/testing/Zymo_chr19.gff,/home/sam/Software/PansimNuc/testing/Zymo_chr19.fasta,/home/sam/Software/PansimNuc/testing/Zymo_EarlGrey_chr19.gff,50,500,1e-6,double_exp,1e14,1e14,0.1,true,1e-30,2,250,0.01,true
2,/home/sam/Software/PansimNuc/testing/Zymo_chr19.gff,/home/sam/Software/PansimNuc/testing/Zymo_chr19.fasta,/home/sam/Software/PansimNuc/testing/Zymo_EarlGrey_chr19.gff,50,500,1e-6,double_exp,1e14,1e14,0.1,true,1e-30,2,250,0.1,true
3,/home/sam/Software/PansimNuc/testing/Zymo_chr19.gff,/home/sam/Software/PansimNuc/testing/Zymo_chr19.fasta,/home/sam/Software/PansimNuc/testing/Zymo_EarlGrey_chr19.gff,50,500,1e-6,double_exp,1e14,1e14,0.1,true,1e-8,2,250,0.0,true
4,/home/sam/Software/PansimNuc/testing/Zymo_chr19.gff,/home/sam/Software/PansimNuc/testing/Zymo_chr19.fasta,/home/sam/Software/PansimNuc/testing/Zymo_EarlGrey_chr19.gff,50,500,1e-6,double_exp,1e14,1e14,0.1,true,1e-8,2,250,0.01,true
5,/home/sam/Software/PansimNuc/testing/Zymo_chr19.gff,/home/sam/Software/PansimNuc/testing/Zymo_chr19.fasta,/home/sam/Software/PansimNuc/testing/Zymo_EarlGrey_chr19.gff,50,500,1e-6,double_exp,1e14,1e14,0.1,true,1e-8,2,250,0.1,true
6,/home/sam/Software/PansimNuc/testing/Zymo_chr19.gff,/home/sam/Software/PansimNuc/testing/Zymo_chr19.fasta,/home/sam/Software/PansimNuc/testing/Zymo_EarlGrey_chr19.gff,50,500,1e-6,double_exp,1e14,1e14,0.1,true,1e-5,2,250,0.0,true
7,/home/sam/Software/PansimNuc/testing/Zymo_chr19.gff,/home/sam/Software/PansimNuc/testing/Zymo_chr19.fasta,/home/sam/Software/PansimNuc/testing/Zymo_EarlGrey_chr19.gff,50,500,1e-6,double_exp,1e14,1e14,0.1,true,1e-5,2,250,0.01,true
8,/home/sam/Software/PansimNuc/testing/Zymo_chr19.gff,/home/sam/Software/PansimNuc/testing/Zymo_chr19.fasta,/home/sam/Software/PansimNuc/testing/Zymo_EarlGrey_chr19.gff,50,500,1e-6,double_exp,1e14,1e14,0.1,true,1e-5,2,250,0.1,true
9,/home/sam/Software/PansimNuc/testing/Zymo_chr19.gff,/home/sam/Software/PansimNuc/testing/Zymo_chr19.fasta,/home/sam/Software/PansimNuc/testing/Zymo_EarlGrey_chr19.gff,50,500,1e-6,double_exp,1e14,1e14,0.5,true,1e-30,2,250,0.0,true
10,/home/sam/Software/PansimNuc/testing/Zymo_chr19.gff,/home/sam/Software/PansimNuc/testing/Zymo_chr19.fasta,/home/sam/Software/PansimNuc/testing/Zymo_EarlGrey_chr19.gff,50,500,1e-6,double_exp,1e14,1e14,0.5,true,1e-30,2,250,0.01,true
11,/home/sam/Software/PansimNuc/testing/Zymo_chr19.gff,/home/sam/Software/PansimNuc/testing/Zymo_chr19.fasta,/home/sam/Software/PansimNuc/testing/Zymo_EarlGrey_chr19.gff,50,500,1e-6,double_exp,1e14,1e14,0.5,true,1e-30,2,250,0.1,true
12,/home/sam/Software/PansimNuc/testing/Zymo_chr19.gff,/home/sam/Software/PansimNuc/testing/Zymo_chr19.fasta,/home/sam/Software/PansimNuc/testing/Zymo_EarlGrey_chr19.gff,50,500,1e-6,double_exp,1e14,1e14,0.5,true,1e-8,2,250,0.0,true
13,/home/sam/Software/PansimNuc/testing/Zymo_chr19.gff,/home/sam/Software/PansimNuc/testing/Zymo_chr19.fasta,/home/sam/Software/PansimNuc/testing/Zymo_EarlGrey_chr19.gff,50,500,1e-6,double_exp,1e14,1e14,0.5,true,1e-8,2,250,0.01,true
14,/home/sam/Software/PansimNuc/testing/Zymo_chr19.gff,/home/sam/Software/PansimNuc/testing/Zymo_chr19.fasta,/home/sam/Software/PansimNuc/testing/Zymo_EarlGrey_chr19.gff,50,500,1e-6,double_exp,1e14,1e14,0.5,true,1e-8,2,250,0.1,true
15,/home/sam/Software/PansimNuc/testing/Zymo_chr19.gff,/home/sam/Software/PansimNuc/testing/Zymo_chr19.fasta,/home/sam/Software/PansimNuc/testing/Zymo_EarlGrey_chr19.gff,50,500,1e-6,double_exp,1e14,1e14,0.5,true,1e-5,2,250,0.0,true
16,/home/sam/Software/PansimNuc/testing/Zymo_chr19.gff,/home/sam/Software/PansimNuc/testing/Zymo_chr19.fasta,/home/sam/Software/PansimNuc/testing/Zymo_EarlGrey_chr19.gff,50,500,1e-6,double_exp,1e14,1e14,0.5,true,1e-5,2,250,0.01,true
17,/home/sam/Software/PansimNuc/testing/Zymo_chr19.gff,/home/sam/Software/PansimNuc/testing/Zymo_chr19.fasta,/home/sam/Software/PansimNuc/testing/Zymo_EarlGrey_chr19.gff,50,500,1e-6,double_exp,1e14,1e14,0.5,true,1e-5,2,250,0.1,true
18,/home/sam/Software/PansimNuc/testing/Zymo_chr19.gff,/home/sam/Software/PansimNuc/testing/Zymo_chr19.fasta,/home/sam/Software/PansimNuc/testing/Zymo_EarlGrey_chr19.gff,50,500,1e-6,double_exp,1e14,1e14,0.9,true,1e-30,2,250,0.0,true
19,/home/sam/Software/PansimNuc/testing/Zymo_chr19.gff,/home/sam/Software/PansimNuc/testing/Zymo_chr19.fasta,/home/sam/Software/PansimNuc/testing/Zymo_EarlGrey_chr19.gff,50,500,1e-6,double_exp,1e14,1e14,0.9,true,1e-30,2,250,0.01,true
20,/home/sam/Software/PansimNuc/testing/Zymo_chr19.gff,/home/sam/Software/PansimNuc/testing/Zymo_chr19.fasta,/home/sam/Software/PansimNuc/testing/Zymo_EarlGrey_chr19.gff,50,500,1e-6,double_exp,1e14,1e14,0.9,true,1e-30,2,250,0.1,true
21,/home/sam/Software/PansimNuc/testing/Zymo_chr19.gff,/home/sam/Software/PansimNuc/testing/Zymo_chr19.fasta,/home/sam/Software/PansimNuc/testing/Zymo_EarlGrey_chr19.gff,50,500,1e-6,double_exp,1e14,1e14,0.9,true,1e-8,2,250,0.0,true
22,/home/sam/Software/PansimNuc/testing/Zymo_chr19.gff,/home/sam/Software/PansimNuc/testing/Zymo_chr19.fasta,/home/sam/Software/PansimNuc/testing/Zymo_EarlGrey_chr19.gff,50,500,1e-6,double_exp,1e14,1e14,0.9,true,1e-8,2,250,0.01,true
23,/home/sam/Software/PansimNuc/testing/Zymo_chr19.gff,/home/sam/Software/PansimNuc/testing/Zymo_chr19.fasta,/home/sam/Software/PansimNuc/testing/Zymo_EarlGrey_chr19.gff,50,500,1e-6,double_exp,1e14,1e14,0.9,true,1e-8,2,250,0.1,true
24,/home/sam/Software/PansimNuc/testing/Zymo_chr19.gff,/home/sam/Software/PansimNuc/testing/Zymo_chr19.fasta,/home/sam/Software/PansimNuc/testing/Zymo_EarlGrey_chr19.gff,50,500,1e-6,double_exp,1e14,1e14,0.9,true,1e-5,2,250,0.0,true
25,/home/sam/Software/PansimNuc/testing/Zymo_chr19.gff,/home/sam/Software/PansimNuc/testing/Zymo_chr19.fasta,/home/sam/Software/PansimNuc/testing/Zymo_EarlGrey_chr19.gff,50,500,1e-6,double_exp,1e14,1e14,0.9,true,1e-5,2,250,0.01,true
26,/home/sam/Software/PansimNuc/testing/Zymo_chr19.gff,/home/sam/Software/PansimNuc/testing/Zymo_chr19.fasta,/home/sam/Software/PansimNuc/testing/Zymo_EarlGrey_chr19.gff,50,500,1e-6,double_exp,1e14,1e14,0.9,true,1e-5,2,250,0.1,true
27,/home/sam/Software/PansimNuc/testing/Zymo_chr19.gff,/home/sam/Software/PansimNuc/testing/Zymo_chr19.fasta,/home/sam/Software/PansimNuc/testing/Zymo_EarlGrey_chr19.gff,50,500,1e-6,double_exp,1e14,1e1,0.1,true,1e-30,2,250,0.0,true
28,/home/sam/Software/PansimNuc/testing/Zymo_chr19.gff,/home/sam/Software/PansimNuc/testing/Zymo_chr19.fasta,/home/sam/Software/PansimNuc/testing/Zymo_EarlGrey_chr19.gff,50,500,1e-6,double_exp,1e14,1e1,0.1,true,1e-30,2,250,0.01,true
29,/home/sam/Software/PansimNuc/testing/Zymo_chr19.gff,/home/sam/Software/PansimNuc/testing/Zymo_chr19.fasta,/home/sam/Software/PansimNuc/testing/Zymo_EarlGrey_chr19.gff,50,500,1e-6,double_exp,1e14,1e1,0.1,true,1e-30,2,250,0.1,true
30,/home/sam/Software/PansimNuc/testing/Zymo_chr19.gff,/home/sam/Software/PansimNuc/testing/Zymo_chr19.fasta,/home/sam/Software/PansimNuc/testing/Zymo_EarlGrey_chr19.gff,50,500,1e-6,double_exp,1e14,1e1,0.1,true,1e-8,2,250,0.0,true
31,/home/sam/Software/PansimNuc/testing/Zymo_chr19.gff,/home/sam/Software/PansimNuc/testing/Zymo_chr19.fasta,/home/sam/Software/PansimNuc/testing/Zymo_EarlGrey_chr19.gff,50,500,1e-6,double_exp,1e14,1e1,0.1,true,1e-8,2,250,0.01,true
32,/home/sam/Software/PansimNuc/testing/Zymo_chr19.gff,/home/sam/Software/PansimNuc/testing/Zymo_chr19.fasta,/home/sam/Software/PansimNuc/testing/Zymo_EarlGrey_chr19.gff,50,500,1e-6,double_exp,1e14,1e1,0.1,true,1e-8,2,250,0.1,true
33,/home/sam/Software/PansimNuc/testing/Zymo_chr19.gff,/home/sam/Software/PansimNuc/testing/Zymo_chr19.fasta,/home/sam/Software/PansimNuc/testing/Zymo_EarlGrey_chr19.gff,50,500,1e-6,double_exp,1e14,1e1,0.1,true,1e-5,2,250,0.0,true
34,/home/sam/Software/PansimNuc/testing/Zymo_chr19.gff,/home/sam/Software/PansimNuc/testing/Zymo_chr19.fasta,/home/sam/Software/PansimNuc/testing/Zymo_EarlGrey_chr19.gff,50,500,1e-6,double_exp,1e14,1e1,0.1,true,1e-5,2,250,0.01,true
35,/home/sam/Software/PansimNuc/testing/Zymo_chr19.gff,/home/sam/Software/PansimNuc/testing/Zymo_chr19.fasta,/home/sam/Software/PansimNuc/testing/Zymo_EarlGrey_chr19.gff,50,500,1e-6,double_exp,1e14,1e1,0.1,true,1e-5,2,250,0.1,true
36,/home/sam/Software/PansimNuc/testing/Zymo_chr19.gff,/home/sam/Software/PansimNuc/testing/Zymo_chr19.fasta,/home/sam/Software/PansimNuc/testing/Zymo_EarlGrey_chr19.gff,50,500,1e-6,double_exp,1e14,1e1,0.5,true,1e-30,2,250,0.0,true
37,/home/sam/Software/PansimNuc/testing/Zymo_chr19.gff,/home/sam/Software/PansimNuc/testing/Zymo_chr19.fasta,/home/sam/Software/PansimNuc/testing/Zymo_EarlGrey_chr19.gff,50,500,1e-6,double_exp,1e14,1e1,0.5,true,1e-30,2,250,0.01,true
38,/home/sam/Software/PansimNuc/testing/Zymo_chr19.gff,/home/sam/Software/PansimNuc/testing/Zymo_chr19.fasta,/home/sam/Software/PansimNuc/testing/Zymo_EarlGrey_chr19.gff,50,500,1e-6,double_exp,1e14,1e1,0.5,true,1e-30,2,250,0.1,true
39,/home/sam/Software/PansimNuc/testing/Zymo_chr19.gff,/home/sam/Software/PansimNuc/testing/Zymo_chr19.fasta,/home/sam/Software/PansimNuc/testing/Zymo_EarlGrey_chr19.gff,50,500,1e-6,double_exp,1e14,1e1,0.5,true,1e-8,2,250,0.0,true
40,/home/sam/Software/PansimNuc/testing/Zymo_chr19.gff,/home/sam/Software/PansimNuc/testing/Zymo_chr19.fasta,/home/sam/Software/PansimNuc/testing/Zymo_EarlGrey_chr19.gff,50,500,1e-6,double_exp,1e14,1e1,0.5,true,1e-8,2,250,0.01,true
41,/home/sam/Software/PansimNuc/testing/Zymo_chr19.gff,/home/sam/Software/PansimNuc/testing/Zymo_chr19.fasta,/home/sam/Software/PansimNuc/testing/Zymo_EarlGrey_chr19.gff,50,500,1e-6,double_exp,1e14,1e1,0.5,true,1e-8,2,250,0.1,true
42,/home/sam/Software/PansimNuc/testing/Zymo_chr19.gff,/home/sam/Software/PansimNuc/testing/Zymo_chr19.fasta,/home/sam/Software/PansimNuc/testing/Zymo_EarlGrey_chr19.gff,50,500,1e-6,double_exp,1e14,1e1,0.5,true,1e-5,2,250,0.0,true
43,/home/sam/Software/PansimNuc/testing/Zymo_chr19.gff,/home/sam/Software/PansimNuc/testing/Zymo_chr19.fasta,/home/sam/Software/PansimNuc/testing/Zymo_EarlGrey_chr19.gff,50,500,1e-6,double_exp,1e14,1e1,0.5,true,1e-5,2,250,0.01,true
44,/home/sam/Software/PansimNuc/testing/Zymo_chr19.gff,/home/sam/Software/PansimNuc/testing/Zymo_chr19.fasta,/home/sam/Software/PansimNuc/testing/Zymo_EarlGrey_chr19.gff,50,500,1e-6,double_exp,1e14,1e1,0.5,true,1e-5,2,250,0.1,true
45,/home/sam/Software/PansimNuc/testing/Zymo_chr19.gff,/home/sam/Software/PansimNuc/testing/Zymo_chr19.fasta,/home/sam/Software/PansimNuc/testing/Zymo_EarlGrey_chr19.gff,50,500,1e-6,double_exp,1e14,1e1,0.9,true,1e-30,2,250,0.0,true
46,/home/sam/Software/PansimNuc/testing/Zymo_chr19.gff,/home/sam/Software/PansimNuc/testing/Zymo_chr19.fasta,/home/sam/Software/PansimNuc/testing/Zymo_EarlGrey_chr19.gff,50,500,1e-6,double_exp,1e14,1e1,0.9,true,1e-30,2,250,0.01,true
47,/home/sam/Software/PansimNuc/testing/Zymo_chr19.gff,/home/sam/Software/PansimNuc/testing/Zymo_chr19.fasta,/home/sam/Software/PansimNuc/testing/Zymo_EarlGrey_chr19.gff,50,500,1e-6,double_exp,1e14,1e1,0.9,true,1e-30,2,250,0.1,true
48,/home/sam/Software/PansimNuc/testing/Zymo_chr19.gff,/home/sam/Software/PansimNuc/testing/Zymo_chr19.fasta,/home/sam/Software/PansimNuc/testing/Zymo_EarlGrey_chr19.gff,50,500,1e-6,double_exp,1e14,1e1,0.9,true,1e-8,2,250,0.0,true
49,/home/sam/Software/PansimNuc/testing/Zymo_chr19.gff,/home/sam/Software/PansimNuc/testing/Zymo_chr19.fasta,/home/sam/Software/PansimNuc/testing/Zymo_EarlGrey_chr19.gff,50,500,1e-6,double_exp,1e14,1e1,0.9,true,1e-8,2,250,0.01,true
50,/home/sam/Software/PansimNuc/testing/Zymo_chr19.gff,/home/sam/Software/PansimNuc/testing/Zymo_chr19.fasta,/home/sam/Software/PansimNuc/testing/Zymo_EarlGrey_chr19.gff,50,500,1e-6,double_exp,1e14,1e1,0.9,true,1e-8,2,250,0.1,true
51,/home/sam/Software/PansimNuc/testing/Zymo_chr19.gff,/home/sam/Software/PansimNuc/testing/Zymo_chr19.fasta,/home/sam/Software/PansimNuc/testing/Zymo_EarlGrey_chr19.gff,50,500,1e-6,double_exp,1e14,1e1,0.9,true,1e-5,2,250,0.0,true
52,/home/sam/Software/PansimNuc/testing/Zymo_chr19.gff,/home/sam/Software/PansimNuc/testing/Zymo_chr19.fasta,/home/sam/Software/PansimNuc/testing/Zymo_EarlGrey_chr19.gff,50,500,1e-6,double_exp,1e14,1e1,0.9,true,1e-5,2,250,0.01,true
53,/home/sam/Software/PansimNuc/testing/Zymo_chr19.gff,/home/sam/Software/PansimNuc/testing/Zymo_chr19.fasta,/home/sam/Software/PansimNuc/testing/Zymo_EarlGrey_chr19.gff,50,500,1e-6,double_exp,1e14,1e1,0.9,true,1e-5,2,250,0.1,true
54,/home/sam/Software/PansimNuc/testing/Zymo_chr19.gff,/home/sam/Software/PansimNuc/testing/Zymo_chr19.fasta,/home/sam/Software/PansimNuc/testing/Zymo_EarlGrey_chr19.gff,50,500,1e-6,double_exp,1e1,1e14,0.1,true,1e-30,2,250,0.0,true
55,/home/sam/Software/PansimNuc/testing/Zymo_chr19.gff,/home/sam/Software/PansimNuc/testing/Zymo_chr19.fasta,/home/sam/Software/PansimNuc/testing/Zymo_EarlGrey_chr19.gff,50,500,1e-6,double_exp,1e1,1e14,0.1,true,1e-30,2,250,0.01,true
56,/home/sam/Software/PansimNuc/testing/Zymo_chr19.gff,/home/sam/Software/PansimNuc/testing/Zymo_chr19.fasta,/home/sam/Software/PansimNuc/testing/Zymo_EarlGrey_chr19.gff,50,500,1e-6,double_exp,1e1,1e14,0.1,true,1e-30,2,250,0.1,true
57,/home/sam/Software/PansimNuc/testing/Zymo_chr19.gff,/home/sam/Software/PansimNuc/testing/Zymo_chr19.fasta,/home/sam/Software/PansimNuc/testing/Zymo_EarlGrey_chr19.gff,50,500,1e-6,double_exp,1e1,1e14,0.1,true,1e-8,2,250,0.0,true
58,/home/sam/Software/PansimNuc/testing/Zymo_chr19.gff,/home/sam/Software/PansimNuc/testing/Zymo_chr19.fasta,/home/sam/Software/PansimNuc/testing/Zymo_EarlGrey_chr19.gff,50,500,1e-6,double_exp,1e1,1e14,0.1,true,1e-8,2,250,0.01,true
59,/home/sam/Software/PansimNuc/testing/Zymo_chr19.gff,/home/sam/Software/PansimNuc/testing/Zymo_chr19.fasta,/home/sam/Software/PansimNuc/testing/Zymo_EarlGrey_chr19.gff,50,500,1e-6,double_exp,1e1,1e14,0.1,true,1e-8,2,250,0.1,true
60,/home/sam/Software/PansimNuc/testing/Zymo_chr19.gff,/home/sam/Software/PansimNuc/testing/Zymo_chr19.fasta,/home/sam/Software/PansimNuc/testing/Zymo_EarlGrey_chr19.gff,50,500,1e-6,double_exp,1e1,1e14,0.1,true,1e-5,2,250,0.0,true
61,/home/sam/Software/PansimNuc/testing/Zymo_chr19.gff,/home/sam/Software/PansimNuc/testing/Zymo_chr19.fasta,/home/sam/Software/PansimNuc/testing/Zymo_EarlGrey_chr19.gff,50,500,1e-6,double_exp,1e1,1e14,0.1,true,1e-5,2,250,0.01,true
62,/home/sam/Software/PansimNuc/testing/Zymo_chr19.gff,/home/sam/Software/PansimNuc/testing/Zymo_chr19.fasta,/home/sam/Software/PansimNuc/testing/Zymo_EarlGrey_chr19.gff,50,500,1e-6,double_exp,1e1,1e14,0.1,true,1e-5,2,250,0.1,true
63,/home/sam/Software/PansimNuc/testing/Zymo_chr19.gff,/home/sam/Software/PansimNuc/testing/Zymo_chr19.fasta,/home/sam/Software/PansimNuc/testing/Zymo_EarlGrey_chr19.gff,50,500,1e-6,double_exp,1e1,1e14,0.5,true,1e-30,2,250,0.0,true
64,/home/sam/Software/PansimNuc/testing/Zymo_chr19.gff,/home/sam/Software/PansimNuc/testing/Zymo_chr19.fasta,/home/sam/Software/PansimNuc/testing/Zymo_EarlGrey_chr19.gff,50,500,1e-6,double_exp,1e1,1e14,0.5,true,1e-30,2,250,0.01,true
65,/home/sam/Software/PansimNuc/testing/Zymo_chr19.gff,/home/sam/Software/PansimNuc/testing/Zymo_chr19.fasta,/home/sam/Software/PansimNuc/testing/Zymo_EarlGrey_chr19.gff,50,500,1e-6,double_exp,1e1,1e14,0.5,true,1e-30,2,250,0.1,true
66,/home/sam/Software/PansimNuc/testing/Zymo_chr19.gff,/home/sam/Software/PansimNuc/testing/Zymo_chr19.fasta,/home/sam/Software/PansimNuc/testing/Zymo_EarlGrey_chr19.gff,50,500,1e-6,double_exp,1e1,1e14,0.5,true,1e-8,2,250,0.0,true
67,/home/sam/Software/PansimNuc/testing/Zymo_chr19.gff,/home/sam/Software/PansimNuc/testing/Zymo_chr19.fasta,/home/sam/Software/PansimNuc/testing/Zymo_EarlGrey_chr19.gff,50,500,1e-6,double_exp,1e1,1e14,0.5,true,1e-8,2,250,0.01,true
68,/home/sam/Software/PansimNuc/testing/Zymo_chr19.gff,/home/sam/Software/PansimNuc/testing/Zymo_chr19.fasta,/home/sam/Software/PansimNuc/testing/Zymo_EarlGrey_chr19.gff,50,500,1e-6,double_exp,1e1,1e14,0.5,true,1e-8,2,250,0.1,true
69,/home/sam/Software/PansimNuc/testing/Zymo_chr19.gff,/home/sam/Software/PansimNuc/testing/Zymo_chr19.fasta,/home/sam/Software/PansimNuc/testing/Zymo_EarlGrey_chr19.gff,50,500,1e-6,double_exp,1e1,1e14,0.5,true,1e-5,2,250,0.0,true
70,/home/sam/Software/PansimNuc/testing/Zymo_chr19.gff,/home/sam/Software/PansimNuc/testing/Zymo_chr19.fasta,/home/sam/Software/PansimNuc/testing/Zymo_EarlGrey_chr19.gff,50,500,1e-6,double_exp,1e1,1e14,0.5,true,1e-5,2,250,0.01,true
71,/home/sam/Software/PansimNuc/testing/Zymo_chr19.gff,/home/sam/Software/PansimNuc/testing/Zymo_chr19.fasta,/home/sam/Software/PansimNuc/testing/Zymo_EarlGrey_chr19.gff,50,500,1e-6,double_exp,1e1,1e14,0.5,true,1e-5,2,250,0.1,true
72,/home/sam/Software/PansimNuc/testing/Zymo_chr19.gff,/home/sam/Software/PansimNuc/testing/Zymo_chr19.fasta,/home/sam/Software/PansimNuc/testing/Zymo_EarlGrey_chr19.gff,50,500,1e-6,double_exp,1e1,1e14,0.9,true,1e-30,2,250,0.0,true
73,/home/sam/Software/PansimNuc/testing/Zymo_chr19.gff,/home/sam/Software/PansimNuc/testing/Zymo_chr19.fasta,/home/sam/Software/PansimNuc/testing/Zymo_EarlGrey_chr19.gff,50,500,1e-6,double_exp,1e1,1e14,0.9,true,1e-30,2,250,0.01,true
74,/home/sam/Software/PansimNuc/testing/Zymo_chr19.gff,/home/sam/Software/PansimNuc/testing/Zymo_chr19.fasta,/home/sam/Software/PansimNuc/testing/Zymo_EarlGrey_chr19.gff,50,500,1e-6,double_exp,1e1,1e14,0.9,true,1e-30,2,250,0.1,true
75,/home/sam/Software/PansimNuc/testing/Zymo_chr19.gff,/home/sam/Software/PansimNuc/testing/Zymo_chr19.fasta,/home/sam/Software/PansimNuc/testing/Zymo_EarlGrey_chr19.gff,50,500,1e-6,double_exp,1e1,1e14,0.9,true,1e-8,2,250,0.0,true
76,/home/sam/Software/PansimNuc/testing/Zymo_chr19.gff,/home/sam/Software/PansimNuc/testing/Zymo_chr19.fasta,/home/sam/Software/PansimNuc/testing/Zymo_EarlGrey_chr19.gff,50,500,1e-6,double_exp,1e1,1e14,0.9,true,1e-8,2,250,0.01,true
77,/home/sam/Software/PansimNuc/testing/Zymo_chr19.gff,/home/sam/Software/PansimNuc/testing/Zymo_chr19.fasta,/home/sam/Software/PansimNuc/testing/Zymo_EarlGrey_chr19.gff,50,500,1e-6,double_exp,1e1,1e14,0.9,true,1e-8,2,250,0.1,true
78,/home/sam/Software/PansimNuc/testing/Zymo_chr19.gff,/home/sam/Software/PansimNuc/testing/Zymo_chr19.fasta,/home/sam/Software/PansimNuc/testing/Zymo_EarlGrey_chr19.gff,50,500,1e-6,double_exp,1e1,1e14,0.9,true,1e-5,2,250,0.0,true
79,/home/sam/Software/PansimNuc/testing/Zymo_chr19.gff,/home/sam/Software/PansimNuc/testing/Zymo_chr19.fasta,/home/sam/Software/PansimNuc/testing/Zymo_EarlGrey_chr19.gff,50,500,1e-6,double_exp,1e1,1e14,0.9,true,1e-5,2,250,0.01,true
80,/home/sam/Software/PansimNuc/testing/Zymo_chr19.gff,/home/sam/Software/PansimNuc/testing/Zymo_chr19.fasta,/home/sam/Software/PansimNuc/testing/Zymo_EarlGrey_chr19.gff,50,500,1e-6,double_exp,1e1,1e14,0.9,true,1e-5,2,250,0.1,true
81,/home/sam/Software/PansimNuc/testing/Zymo_chr19.gff,/home/sam/Software/PansimNuc/testing/Zymo_chr19.fasta,/home/sam/Software/PansimNuc/testing/Zymo_EarlGrey_chr19.gff,50,500,1e-6,double_exp,1e1,1e1,0.1,true,1e-30,2,250,0.0,true
82,/home/sam/Software/PansimNuc/testing/Zymo_chr19.gff,/home/sam/Software/PansimNuc/testing/Zymo_chr19.fasta,/home/sam/Software/PansimNuc/testing/Zymo_EarlGrey_chr19.gff,50,500,1e-6,double_exp,1e1,1e1,0.1,true,1e-30,2,250,0.01,true
83,/home/sam/Software/PansimNuc/testing/Zymo_chr19.gff,/home/sam/Software/PansimNuc/testing/Zymo_chr19.fasta,/home/sam/Software/PansimNuc/testing/Zymo_EarlGrey_chr19.gff,50,500,1e-6,double_exp,1e1,1e1,0.1,true,1e-30,2,250,0.1,true
84,/home/sam/Software/PansimNuc/testing/Zymo_chr19.gff,/home/sam/Software/PansimNuc/testing/Zymo_chr19.fasta,/home/sam/Software/PansimNuc/testing/Zymo_EarlGrey_chr19.gff,50,500,1e-6,double_exp,1e1,1e1,0.1,true,1e-8,2,250,0.0,true
85,/home/sam/Software/PansimNuc/testing/Zymo_chr19.gff,/home/sam/Software/PansimNuc/testing/Zymo_chr19.fasta,/home/sam/Software/PansimNuc/testing/Zymo_EarlGrey_chr19.gff,50,500,1e-6,double_exp,1e1,1e1,0.1,true,1e-8,2,250,0.01,true
86,/home/sam/Software/PansimNuc/testing/Zymo_chr19.gff,/home/sam/Software/PansimNuc/testing/Zymo_chr19.fasta,/home/sam/Software/PansimNuc/testing/Zymo_EarlGrey_chr19.gff,50,500,1e-6,double_exp,1e1,1e1,0.1,true,1e-8,2,250,0.1,true
87,/home/sam/Software/PansimNuc/testing/Zymo_chr19.gff,/home/sam/Software/PansimNuc/testing/Zymo_chr19.fasta,/home/sam/Software/PansimNuc/testing/Zymo_EarlGrey_chr19.gff,50,500,1e-6,double_exp,1e1,1e1,0.1,true,1e-5,2,250,0.0,true
88,/home/sam/Software/PansimNuc/testing/Zymo_chr19.gff,/home/sam/Software/PansimNuc/testing/Zymo_chr19.fasta,/home/sam/Software/PansimNuc/testing/Zymo_EarlGrey_chr19.gff,50,500,1e-6,double_exp,1e1,1e1,0.1,true,1e-5,2,250,0.01,true
89,/home/sam/Software/PansimNuc/testing/Zymo_chr19.gff,/home/sam/Software/PansimNuc/testing/Zymo_chr19.fasta,/home/sam/Software/PansimNuc/testing/Zymo_EarlGrey_chr19.gff,50,500,1e-6,double_exp,1e1,1e1,0.1,true,1e-5,2,250,0.1,true
90,/home/sam/Software/PansimNuc/testing/Zymo_chr19.gff,/home/sam/Software/PansimNuc/testing/Zymo_chr19.fasta,/home/sam/Software/PansimNuc/testing/Zymo_EarlGrey_chr19.gff,50,500,1e-6,double_exp,1e1,1e1,0.5,true,1e-30,2,250,0.0,true
91,/home/sam/Software/PansimNuc/testing/Zymo_chr19.gff,/home/sam/Software/PansimNuc/testing/Zymo_chr19.fasta,/home/sam/Software/PansimNuc/testing/Zymo_EarlGrey_chr19.gff,50,500,1e-6,double_exp,1e1,1e1,0.5,true,1e-30,2,250,0.01,true
92,/home/sam/Software/PansimNuc/testing/Zymo_chr19.gff,/home/sam/Software/PansimNuc/testing/Zymo_chr19.fasta,/home/sam/Software/PansimNuc/testing/Zymo_EarlGrey_chr19.gff,50,500,1e-6,double_exp,1e1,1e1,0.5,true,1e-30,2,250,0.1,true
93,/home/sam/Software/PansimNuc/testing/Zymo_chr19.gff,/home/sam/Software/PansimNuc/testing/Zymo_chr19.fasta,/home/sam/Software/PansimNuc/testing/Zymo_EarlGrey_chr19.gff,50,500,1e-6,double_exp,1e1,1e1,0.5,true,1e-8,2,250,0.0,true
94,/home/sam/Software/PansimNuc/testing/Zymo_chr19.gff,/home/sam/Software/PansimNuc/testing/Zymo_chr19.fasta,/home/sam/Software/PansimNuc/testing/Zymo_EarlGrey_chr19.gff,50,500,1e-6,double_exp,1e1,1e1,0.5,true,1e-8,2,250,0.01,true
95,/home/sam/Software/PansimNuc/testing/Zymo_chr19.gff,/home/sam/Software/PansimNuc/testing/Zymo_chr19.fasta,/home/sam/Software/PansimNuc/testing/Zymo_EarlGrey_chr19.gff,50,500,1e-6,double_exp,1e1,1e1,0.5,true,1e-8,2,250,0.1,true
96,/home/sam/Software/PansimNuc/testing/Zymo_chr19.gff,/home/sam/Software/PansimNuc/testing/Zymo_chr19.fasta,/home/sam/Software/PansimNuc/testing/Zymo_EarlGrey_chr19.gff,50,500,1e-6,double_exp,1e1,1e1,0.5,true,1e-5,2,250,0.0,true
97,/home/sam/Software/PansimNuc/testing/Zymo_chr19.gff,/home/sam/Software/PansimNuc/testing/Zymo_chr19.fasta,/home/sam/Software/PansimNuc/testing/Zymo_EarlGrey_chr19.gff,50,500,1e-6,double_exp,1e1,1e1,0.5,true,1e-5,2,250,0.01,true
98,/home/sam/Software/PansimNuc/testing/Zymo_chr19.gff,/home/sam/Software/PansimNuc/testing/Zymo_chr19.fasta,/home/sam/Software/PansimNuc/testing/Zymo_EarlGrey_chr19.gff,50,500,1e-6,double_exp,1e1,1e1,0.5,true,1e-5,2,250,0.1,true
99,/home/sam/Software/PansimNuc/testing/Zymo_chr19.gff,/home/sam/Software/PansimNuc/testing/Zymo_chr19.fasta,/home/sam/Software/PansimNuc/testing/Zymo_EarlGrey_chr19.gff,50,500,1e-6,double_exp,1e1,1e1,0.9,true,1e-30,2,250,0.0,true
100,/home/sam/Software/PansimNuc/testing/Zymo_chr19.gff,/home/sam/Software/PansimNuc/testing/Zymo_chr19.fasta,/home/sam/Software/PansimNuc/testing/Zymo_EarlGrey_chr19.gff,50,500,1e-6,double_exp,1e1,1e1,0.9,true,1e-30,2,250,0.01,true
101,/home/sam/Software/PansimNuc/testing/Zymo_chr19.gff,/home/sam/Software/PansimNuc/testing/Zymo_chr19.fasta,/home/sam/Software/PansimNuc/testing/Zymo_EarlGrey_chr19.gff,50,500,1e-6,double_exp,1e1,1e1,0.9,true,1e-30,2,250,0.1,true
102,/home/sam/Software/PansimNuc/testing/Zymo_chr19.gff,/home/sam/Software/PansimNuc/testing/Zymo_chr19.fasta,/home/sam/Software/PansimNuc/testing/Zymo_EarlGrey_chr19.gff,50,500,1e-6,double_exp,1e1,1e1,0.9,true,1e-8,2,250,0.0,true
103,/home/sam/Software/PansimNuc/testing/Zymo_chr19.gff,/home/sam/Software/PansimNuc/testing/Zymo_chr19.fasta,/home/sam/Software/PansimNuc/testing/Zymo_EarlGrey_chr19.gff,50,500,1e-6,double_exp,1e1,1e1,0.9,true,1e-8,2,250,0.01,true
104,/home/sam/Software/PansimNuc/testing/Zymo_chr19.gff,/home/sam/Software/PansimNuc/testing/Zymo_chr19.fasta,/home/sam/Software/PansimNuc/testing/Zymo_EarlGrey_chr19.gff,50,500,1e-6,double_exp,1e1,1e1,0.9,true,1e-8,2,250,0.1,true
105,/home/sam/Software/PansimNuc/testing/Zymo_chr19.gff,/home/sam/Software/PansimNuc/testing/Zymo_chr19.fasta,/home/sam/Software/PansimNuc/testing/Zymo_EarlGrey_chr19.gff,50,500,1e-6,double_exp,1e1,1e1,0.9,true,1e-5,2,250,0.0,true
106,/home/sam/Software/PansimNuc/testing/Zymo_chr19.gff,/home/sam/Software/PansimNuc/testing/Zymo_chr19.fasta,/home/sam/Software/PansimNuc/testing/Zymo_EarlGrey_chr19.gff,50,500,1e-6,double_exp,1e1,1e1,0.9,true,1e-5,2,250,0.01,true
107,/home/sam/Software/PansimNuc/testing/Zymo_chr19.gff,/home/sam/Software/PansimNuc/testing/Zymo_chr19.fasta,/home/sam/Software/PansimNuc/testing/Zymo_EarlGrey_chr19.gff,50,500,1e-6,double_exp,1e1,1e1,0.9,true,1e-5,2,250,0.1,true
