run_id,input.gff_file,input.fasta_file,input.earlgrey_gff_file,population.n_individuals,population.n_generations,mutation_rate,selection_distribution,selection_lambda1,selection_lambda2,selection_cutoff,misc.print_all_generations,population.recombination_rate,compress
0,/home/sam/Software/PansimNuc/testing/Zymo_chr19.gff,/home/sam/Software/PansimNuc/testing/Zymo_chr19.fasta,/home/sam/Software/PansimNuc/testing/Zymo_EarlGrey_chr19.gff,50,500,1e-8,double_exp,1e14,1e14,0.1,false,1e-30,true
1,/home/sam/Software/PansimNuc/testing/Zymo_chr19.gff,/home/sam/Software/PansimNuc/testing/Zymo_chr19.fasta,/home/sam/Software/PansimNuc/testing/Zymo_EarlGrey_chr19.gff,50,500,1e-8,double_exp,1e14,1e14,0.1,false,1e-8,true
2,/home/sam/Software/PansimNuc/testing/Zymo_chr19.gff,/home/sam/Software/PansimNuc/testing/Zymo_chr19.fasta,/home/sam/Software/PansimNuc/testing/Zymo_EarlGrey_chr19.gff,50,500,1e-8,double_exp,1e14,1e14,0.1,false,1e-5,true
3,/home/sam/Software/PansimNuc/testing/Zymo_chr19.gff,/home/sam/Software/PansimNuc/testing/Zymo_chr19.fasta,/home/sam/Software/PansimNuc/testing/Zymo_EarlGrey_chr19.gff,50,500,1e-8,double_exp,1e14,1e14,0.5,false,1e-30,true
4,/home/sam/Software/PansimNuc/testing/Zymo_chr19.gff,/home/sam/Software/PansimNuc/testing/Zymo_chr19.fasta,/home/sam/Software/PansimNuc/testing/Zymo_EarlGrey_chr19.gff,50,500,1e-8,double_exp,1e14,1e14,0.5,false,1e-8,true
5,/home/sam/Software/PansimNuc/testing/Zymo_chr19.gff,/home/sam/Software/PansimNuc/testing/Zymo_chr19.fasta,/home/sam/Software/PansimNuc/testing/Zymo_EarlGrey_chr19.gff,50,500,1e-8,double_exp,1e14,1e14,0.5,false,1e-5,true
6,/home/sam/Software/PansimNuc/testing/Zymo_chr19.gff,/home/sam/Software/PansimNuc/testing/Zymo_chr19.fasta,/home/sam/Software/PansimNuc/testing/Zymo_EarlGrey_chr19.gff,50,500,1e-8,double_exp,1e14,1e14,0.9,false,1e-30,true
7,/home/sam/Software/PansimNuc/testing/Zymo_chr19.gff,/home/sam/Software/PansimNuc/testing/Zymo_chr19.fasta,/home/sam/Software/PansimNuc/testing/Zymo_EarlGrey_chr19.gff,50,500,1e-8,double_exp,1e14,1e14,0.9,false,1e-8,true
8,/home/sam/Software/PansimNuc/testing/Zymo_chr19.gff,/home/sam/Software/PansimNuc/testing/Zymo_chr19.fasta,/home/sam/Software/PansimNuc/testing/Zymo_EarlGrey_chr19.gff,50,500,1e-8,double_exp,1e14,1e14,0.9,false,1e-5,true
9,/home/sam/Software/PansimNuc/testing/Zymo_chr19.gff,/home/sam/Software/PansimNuc/testing/Zymo_chr19.fasta,/home/sam/Software/PansimNuc/testing/Zymo_EarlGrey_chr19.gff,50,500,1e-8,double_exp,1e14,1e4,0.1,false,1e-30,true
10,/home/sam/Software/PansimNuc/testing/Zymo_chr19.gff,/home/sam/Software/PansimNuc/testing/Zymo_chr19.fasta,/home/sam/Software/PansimNuc/testing/Zymo_EarlGrey_chr19.gff,50,500,1e-8,double_exp,1e14,1e4,0.1,false,1e-8,true
11,/home/sam/Software/PansimNuc/testing/Zymo_chr19.gff,/home/sam/Software/PansimNuc/testing/Zymo_chr19.fasta,/home/sam/Software/PansimNuc/testing/Zymo_EarlGrey_chr19.gff,50,500,1e-8,double_exp,1e14,1e4,0.1,false,1e-5,true
12,/home/sam/Software/PansimNuc/testing/Zymo_chr19.gff,/home/sam/Software/PansimNuc/testing/Zymo_chr19.fasta,/home/sam/Software/PansimNuc/testing/Zymo_EarlGrey_chr19.gff,50,500,1e-8,double_exp,1e14,1e4,0.5,false,1e-30,true
13,/home/sam/Software/PansimNuc/testing/Zymo_chr19.gff,/home/sam/Software/PansimNuc/testing/Zymo_chr19.fasta,/home/sam/Software/PansimNuc/testing/Zymo_EarlGrey_chr19.gff,50,500,1e-8,double_exp,1e14,1e4,0.5,false,1e-8,true
14,/home/sam/Software/PansimNuc/testing/Zymo_chr19.gff,/home/sam/Software/PansimNuc/testing/Zymo_chr19.fasta,/home/sam/Software/PansimNuc/testing/Zymo_EarlGrey_chr19.gff,50,500,1e-8,double_exp,1e14,1e4,0.5,false,1e-5,true
15,/home/sam/Software/PansimNuc/testing/Zymo_chr19.gff,/home/sam/Software/PansimNuc/testing/Zymo_chr19.fasta,/home/sam/Software/PansimNuc/testing/Zymo_EarlGrey_chr19.gff,50,500,1e-8,double_exp,1e14,1e4,0.9,false,1e-30,true
16,/home/sam/Software/PansimNuc/testing/Zymo_chr19.gff,/home/sam/Software/PansimNuc/testing/Zymo_chr19.fasta,/home/sam/Software/PansimNuc/testing/Zymo_EarlGrey_chr19.gff,50,500,1e-8,double_exp,1e14,1e4,0.9,false,1e-8,true
17,/home/sam/Software/PansimNuc/testing/Zymo_chr19.gff,/home/sam/Software/PansimNuc/testing/Zymo_chr19.fasta,/home/sam/Software/PansimNuc/testing/Zymo_EarlGrey_chr19.gff,50,500,1e-8,double_exp,1e14,1e4,0.9,false,1e-5,true
18,/home/sam/Software/PansimNuc/testing/Zymo_chr19.gff,/home/sam/Software/PansimNuc/testing/Zymo_chr19.fasta,/home/sam/Software/PansimNuc/testing/Zymo_EarlGrey_chr19.gff,50,500,1e-8,double_exp,1e14,1e1,0.1,false,1e-30,true
19,/home/sam/Software/PansimNuc/testing/Zymo_chr19.gff,/home/sam/Software/PansimNuc/testing/Zymo_chr19.fasta,/home/sam/Software/PansimNuc/testing/Zymo_EarlGrey_chr19.gff,50,500,1e-8,double_exp,1e14,1e1,0.1,false,1e-8,true
20,/home/sam/Software/PansimNuc/testing/Zymo_chr19.gff,/home/sam/Software/PansimNuc/testing/Zymo_chr19.fasta,/home/sam/Software/PansimNuc/testing/Zymo_EarlGrey_chr19.gff,50,500,1e-8,double_exp,1e14,1e1,0.1,false,1e-5,true
21,/home/sam/Software/PansimNuc/testing/Zymo_chr19.gff,/home/sam/Software/PansimNuc/testing/Zymo_chr19.fasta,/home/sam/Software/PansimNuc/testing/Zymo_EarlGrey_chr19.gff,50,500,1e-8,double_exp,1e14,1e1,0.5,false,1e-30,true
22,/home/sam/Software/PansimNuc/testing/Zymo_chr19.gff,/home/sam/Software/PansimNuc/testing/Zymo_chr19.fasta,/home/sam/Software/PansimNuc/testing/Zymo_EarlGrey_chr19.gff,50,500,1e-8,double_exp,1e14,1e1,0.5,false,1e-8,true
23,/home/sam/Software/PansimNuc/testing/Zymo_chr19.gff,/home/sam/Software/PansimNuc/testing/Zymo_chr19.fasta,/home/sam/Software/PansimNuc/testing/Zymo_EarlGrey_chr19.gff,50,500,1e-8,double_exp,1e14,1e1,0.5,false,1e-5,true
24,/home/sam/Software/PansimNuc/testing/Zymo_chr19.gff,/home/sam/Software/PansimNuc/testing/Zymo_chr19.fasta,/home/sam/Software/PansimNuc/testing/Zymo_EarlGrey_chr19.gff,50,500,1e-8,double_exp,1e14,1e1,0.9,false,1e-30,true
25,/home/sam/Software/PansimNuc/testing/Zymo_chr19.gff,/home/sam/Software/PansimNuc/testing/Zymo_chr19.fasta,/home/sam/Software/PansimNuc/testing/Zymo_EarlGrey_chr19.gff,50,500,1e-8,double_exp,1e14,1e1,0.9,false,1e-8,true
26,/home/sam/Software/PansimNuc/testing/Zymo_chr19.gff,/home/sam/Software/PansimNuc/testing/Zymo_chr19.fasta,/home/sam/Software/PansimNuc/testing/Zymo_EarlGrey_chr19.gff,50,500,1e-8,double_exp,1e14,1e1,0.9,false,1e-5,true
27,/home/sam/Software/PansimNuc/testing/Zymo_chr19.gff,/home/sam/Software/PansimNuc/testing/Zymo_chr19.fasta,/home/sam/Software/PansimNuc/testing/Zymo_EarlGrey_chr19.gff,50,500,1e-8,double_exp,1e4,1e14,0.1,false,1e-30,true
28,/home/sam/Software/PansimNuc/testing/Zymo_chr19.gff,/home/sam/Software/PansimNuc/testing/Zymo_chr19.fasta,/home/sam/Software/PansimNuc/testing/Zymo_EarlGrey_chr19.gff,50,500,1e-8,double_exp,1e4,1e14,0.1,false,1e-8,true
29,/home/sam/Software/PansimNuc/testing/Zymo_chr19.gff,/home/sam/Software/PansimNuc/testing/Zymo_chr19.fasta,/home/sam/Software/PansimNuc/testing/Zymo_EarlGrey_chr19.gff,50,500,1e-8,double_exp,1e4,1e14,0.1,false,1e-5,true
30,/home/sam/Software/PansimNuc/testing/Zymo_chr19.gff,/home/sam/Software/PansimNuc/testing/Zymo_chr19.fasta,/home/sam/Software/PansimNuc/testing/Zymo_EarlGrey_chr19.gff,50,500,1e-8,double_exp,1e4,1e14,0.5,false,1e-30,true
31,/home/sam/Software/PansimNuc/testing/Zymo_chr19.gff,/home/sam/Software/PansimNuc/testing/Zymo_chr19.fasta,/home/sam/Software/PansimNuc/testing/Zymo_EarlGrey_chr19.gff,50,500,1e-8,double_exp,1e4,1e14,0.5,false,1e-8,true
32,/home/sam/Software/PansimNuc/testing/Zymo_chr19.gff,/home/sam/Software/PansimNuc/testing/Zymo_chr19.fasta,/home/sam/Software/PansimNuc/testing/Zymo_EarlGrey_chr19.gff,50,500,1e-8,double_exp,1e4,1e14,0.5,false,1e-5,true
33,/home/sam/Software/PansimNuc/testing/Zymo_chr19.gff,/home/sam/Software/PansimNuc/testing/Zymo_chr19.fasta,/home/sam/Software/PansimNuc/testing/Zymo_EarlGrey_chr19.gff,50,500,1e-8,double_exp,1e4,1e14,0.9,false,1e-30,true
34,/home/sam/Software/PansimNuc/testing/Zymo_chr19.gff,/home/sam/Software/PansimNuc/testing/Zymo_chr19.fasta,/home/sam/Software/PansimNuc/testing/Zymo_EarlGrey_chr19.gff,50,500,1e-8,double_exp,1e4,1e14,0.9,false,1e-8,true
35,/home/sam/Software/PansimNuc/testing/Zymo_chr19.gff,/home/sam/Software/PansimNuc/testing/Zymo_chr19.fasta,/home/sam/Software/PansimNuc/testing/Zymo_EarlGrey_chr19.gff,50,500,1e-8,double_exp,1e4,1e14,0.9,false,1e-5,true
36,/home/sam/Software/PansimNuc/testing/Zymo_chr19.gff,/home/sam/Software/PansimNuc/testing/Zymo_chr19.fasta,/home/sam/Software/PansimNuc/testing/Zymo_EarlGrey_chr19.gff,50,500,1e-8,double_exp,1e4,1e4,0.1,false,1e-30,true
37,/home/sam/Software/PansimNuc/testing/Zymo_chr19.gff,/home/sam/Software/PansimNuc/testing/Zymo_chr19.fasta,/home/sam/Software/PansimNuc/testing/Zymo_EarlGrey_chr19.gff,50,500,1e-8,double_exp,1e4,1e4,0.1,false,1e-8,true
38,/home/sam/Software/PansimNuc/testing/Zymo_chr19.gff,/home/sam/Software/PansimNuc/testing/Zymo_chr19.fasta,/home/sam/Software/PansimNuc/testing/Zymo_EarlGrey_chr19.gff,50,500,1e-8,double_exp,1e4,1e4,0.1,false,1e-5,true
39,/home/sam/Software/PansimNuc/testing/Zymo_chr19.gff,/home/sam/Software/PansimNuc/testing/Zymo_chr19.fasta,/home/sam/Software/PansimNuc/testing/Zymo_EarlGrey_chr19.gff,50,500,1e-8,double_exp,1e4,1e4,0.5,false,1e-30,true
40,/home/sam/Software/PansimNuc/testing/Zymo_chr19.gff,/home/sam/Software/PansimNuc/testing/Zymo_chr19.fasta,/home/sam/Software/PansimNuc/testing/Zymo_EarlGrey_chr19.gff,50,500,1e-8,double_exp,1e4,1e4,0.5,false,1e-8,true
41,/home/sam/Software/PansimNuc/testing/Zymo_chr19.gff,/home/sam/Software/PansimNuc/testing/Zymo_chr19.fasta,/home/sam/Software/PansimNuc/testing/Zymo_EarlGrey_chr19.gff,50,500,1e-8,double_exp,1e4,1e4,0.5,false,1e-5,true
42,/home/sam/Software/PansimNuc/testing/Zymo_chr19.gff,/home/sam/Software/PansimNuc/testing/Zymo_chr19.fasta,/home/sam/Software/PansimNuc/testing/Zymo_EarlGrey_chr19.gff,50,500,1e-8,double_exp,1e4,1e4,0.9,false,1e-30,true
43,/home/sam/Software/PansimNuc/testing/Zymo_chr19.gff,/home/sam/Software/PansimNuc/testing/Zymo_chr19.fasta,/home/sam/Software/PansimNuc/testing/Zymo_EarlGrey_chr19.gff,50,500,1e-8,double_exp,1e4,1e4,0.9,false,1e-8,true
44,/home/sam/Software/PansimNuc/testing/Zymo_chr19.gff,/home/sam/Software/PansimNuc/testing/Zymo_chr19.fasta,/home/sam/Software/PansimNuc/testing/Zymo_EarlGrey_chr19.gff,50,500,1e-8,double_exp,1e4,1e4,0.9,false,1e-5,true
45,/home/sam/Software/PansimNuc/testing/Zymo_chr19.gff,/home/sam/Software/PansimNuc/testing/Zymo_chr19.fasta,/home/sam/Software/PansimNuc/testing/Zymo_EarlGrey_chr19.gff,50,500,1e-8,double_exp,1e4,1e1,0.1,false,1e-30,true
46,/home/sam/Software/PansimNuc/testing/Zymo_chr19.gff,/home/sam/Software/PansimNuc/testing/Zymo_chr19.fasta,/home/sam/Software/PansimNuc/testing/Zymo_EarlGrey_chr19.gff,50,500,1e-8,double_exp,1e4,1e1,0.1,false,1e-8,true
47,/home/sam/Software/PansimNuc/testing/Zymo_chr19.gff,/home/sam/Software/PansimNuc/testing/Zymo_chr19.fasta,/home/sam/Software/PansimNuc/testing/Zymo_EarlGrey_chr19.gff,50,500,1e-8,double_exp,1e4,1e1,0.1,false,1e-5,true
48,/home/sam/Software/PansimNuc/testing/Zymo_chr19.gff,/home/sam/Software/PansimNuc/testing/Zymo_chr19.fasta,/home/sam/Software/PansimNuc/testing/Zymo_EarlGrey_chr19.gff,50,500,1e-8,double_exp,1e4,1e1,0.5,false,1e-30,true
49,/home/sam/Software/PansimNuc/testing/Zymo_chr19.gff,/home/sam/Software/PansimNuc/testing/Zymo_chr19.fasta,/home/sam/Software/PansimNuc/testing/Zymo_EarlGrey_chr19.gff,50,500,1e-8,double_exp,1e4,1e1,0.5,false,1e-8,true
50,/home/sam/Software/PansimNuc/testing/Zymo_chr19.gff,/home/sam/Software/PansimNuc/testing/Zymo_chr19.fasta,/home/sam/Software/PansimNuc/testing/Zymo_EarlGrey_chr19.gff,50,500,1e-8,double_exp,1e4,1e1,0.5,false,1e-5,true
51,/home/sam/Software/PansimNuc/testing/Zymo_chr19.gff,/home/sam/Software/PansimNuc/testing/Zymo_chr19.fasta,/home/sam/Software/PansimNuc/testing/Zymo_EarlGrey_chr19.gff,50,500,1e-8,double_exp,1e4,1e1,0.9,false,1e-30,true
52,/home/sam/Software/PansimNuc/testing/Zymo_chr19.gff,/home/sam/Software/PansimNuc/testing/Zymo_chr19.fasta,/home/sam/Software/PansimNuc/testing/Zymo_EarlGrey_chr19.gff,50,500,1e-8,double_exp,1e4,1e1,0.9,false,1e-8,true
53,/home/sam/Software/PansimNuc/testing/Zymo_chr19.gff,/home/sam/Software/PansimNuc/testing/Zymo_chr19.fasta,/home/sam/Software/PansimNuc/testing/Zymo_EarlGrey_chr19.gff,50,500,1e-8,double_exp,1e4,1e1,0.9,false,1e-5,true
54,/home/sam/Software/PansimNuc/testing/Zymo_chr19.gff,/home/sam/Software/PansimNuc/testing/Zymo_chr19.fasta,/home/sam/Software/PansimNuc/testing/Zymo_EarlGrey_chr19.gff,50,500,1e-8,double_exp,1e1,1e14,0.1,false,1e-30,true
55,/home/sam/Software/PansimNuc/testing/Zymo_chr19.gff,/home/sam/Software/PansimNuc/testing/Zymo_chr19.fasta,/home/sam/Software/PansimNuc/testing/Zymo_EarlGrey_chr19.gff,50,500,1e-8,double_exp,1e1,1e14,0.1,false,1e-8,true
56,/home/sam/Software/PansimNuc/testing/Zymo_chr19.gff,/home/sam/Software/PansimNuc/testing/Zymo_chr19.fasta,/home/sam/Software/PansimNuc/testing/Zymo_EarlGrey_chr19.gff,50,500,1e-8,double_exp,1e1,1e14,0.1,false,1e-5,true
57,/home/sam/Software/PansimNuc/testing/Zymo_chr19.gff,/home/sam/Software/PansimNuc/testing/Zymo_chr19.fasta,/home/sam/Software/PansimNuc/testing/Zymo_EarlGrey_chr19.gff,50,500,1e-8,double_exp,1e1,1e14,0.5,false,1e-30,true
58,/home/sam/Software/PansimNuc/testing/Zymo_chr19.gff,/home/sam/Software/PansimNuc/testing/Zymo_chr19.fasta,/home/sam/Software/PansimNuc/testing/Zymo_EarlGrey_chr19.gff,50,500,1e-8,double_exp,1e1,1e14,0.5,false,1e-8,true
59,/home/sam/Software/PansimNuc/testing/Zymo_chr19.gff,/home/sam/Software/PansimNuc/testing/Zymo_chr19.fasta,/home/sam/Software/PansimNuc/testing/Zymo_EarlGrey_chr19.gff,50,500,1e-8,double_exp,1e1,1e14,0.5,false,1e-5,true
60,/home/sam/Software/PansimNuc/testing/Zymo_chr19.gff,/home/sam/Software/PansimNuc/testing/Zymo_chr19.fasta,/home/sam/Software/PansimNuc/testing/Zymo_EarlGrey_chr19.gff,50,500,1e-8,double_exp,1e1,1e14,0.9,false,1e-30,true
61,/home/sam/Software/PansimNuc/testing/Zymo_chr19.gff,/home/sam/Software/PansimNuc/testing/Zymo_chr19.fasta,/home/sam/Software/PansimNuc/testing/Zymo_EarlGrey_chr19.gff,50,500,1e-8,double_exp,1e1,1e14,0.9,false,1e-8,true
62,/home/sam/Software/PansimNuc/testing/Zymo_chr19.gff,/home/sam/Software/PansimNuc/testing/Zymo_chr19.fasta,/home/sam/Software/PansimNuc/testing/Zymo_EarlGrey_chr19.gff,50,500,1e-8,double_exp,1e1,1e14,0.9,false,1e-5,true
63,/home/sam/Software/PansimNuc/testing/Zymo_chr19.gff,/home/sam/Software/PansimNuc/testing/Zymo_chr19.fasta,/home/sam/Software/PansimNuc/testing/Zymo_EarlGrey_chr19.gff,50,500,1e-8,double_exp,1e1,1e4,0.1,false,1e-30,true
64,/home/sam/Software/PansimNuc/testing/Zymo_chr19.gff,/home/sam/Software/PansimNuc/testing/Zymo_chr19.fasta,/home/sam/Software/PansimNuc/testing/Zymo_EarlGrey_chr19.gff,50,500,1e-8,double_exp,1e1,1e4,0.1,false,1e-8,true
65,/home/sam/Software/PansimNuc/testing/Zymo_chr19.gff,/home/sam/Software/PansimNuc/testing/Zymo_chr19.fasta,/home/sam/Software/PansimNuc/testing/Zymo_EarlGrey_chr19.gff,50,500,1e-8,double_exp,1e1,1e4,0.1,false,1e-5,true
66,/home/sam/Software/PansimNuc/testing/Zymo_chr19.gff,/home/sam/Software/PansimNuc/testing/Zymo_chr19.fasta,/home/sam/Software/PansimNuc/testing/Zymo_EarlGrey_chr19.gff,50,500,1e-8,double_exp,1e1,1e4,0.5,false,1e-30,true
67,/home/sam/Software/PansimNuc/testing/Zymo_chr19.gff,/home/sam/Software/PansimNuc/testing/Zymo_chr19.fasta,/home/sam/Software/PansimNuc/testing/Zymo_EarlGrey_chr19.gff,50,500,1e-8,double_exp,1e1,1e4,0.5,false,1e-8,true
68,/home/sam/Software/PansimNuc/testing/Zymo_chr19.gff,/home/sam/Software/PansimNuc/testing/Zymo_chr19.fasta,/home/sam/Software/PansimNuc/testing/Zymo_EarlGrey_chr19.gff,50,500,1e-8,double_exp,1e1,1e4,0.5,false,1e-5,true
69,/home/sam/Software/PansimNuc/testing/Zymo_chr19.gff,/home/sam/Software/PansimNuc/testing/Zymo_chr19.fasta,/home/sam/Software/PansimNuc/testing/Zymo_EarlGrey_chr19.gff,50,500,1e-8,double_exp,1e1,1e4,0.9,false,1e-30,true
70,/home/sam/Software/PansimNuc/testing/Zymo_chr19.gff,/home/sam/Software/PansimNuc/testing/Zymo_chr19.fasta,/home/sam/Software/PansimNuc/testing/Zymo_EarlGrey_chr19.gff,50,500,1e-8,double_exp,1e1,1e4,0.9,false,1e-8,true
71,/home/sam/Software/PansimNuc/testing/Zymo_chr19.gff,/home/sam/Software/PansimNuc/testing/Zymo_chr19.fasta,/home/sam/Software/PansimNuc/testing/Zymo_EarlGrey_chr19.gff,50,500,1e-8,double_exp,1e1,1e4,0.9,false,1e-5,true
72,/home/sam/Software/PansimNuc/testing/Zymo_chr19.gff,/home/sam/Software/PansimNuc/testing/Zymo_chr19.fasta,/home/sam/Software/PansimNuc/testing/Zymo_EarlGrey_chr19.gff,50,500,1e-8,double_exp,1e1,1e1,0.1,false,1e-30,true
73,/home/sam/Software/PansimNuc/testing/Zymo_chr19.gff,/home/sam/Software/PansimNuc/testing/Zymo_chr19.fasta,/home/sam/Software/PansimNuc/testing/Zymo_EarlGrey_chr19.gff,50,500,1e-8,double_exp,1e1,1e1,0.1,false,1e-8,true
74,/home/sam/Software/PansimNuc/testing/Zymo_chr19.gff,/home/sam/Software/PansimNuc/testing/Zymo_chr19.fasta,/home/sam/Software/PansimNuc/testing/Zymo_EarlGrey_chr19.gff,50,500,1e-8,double_exp,1e1,1e1,0.1,false,1e-5,true
75,/home/sam/Software/PansimNuc/testing/Zymo_chr19.gff,/home/sam/Software/PansimNuc/testing/Zymo_chr19.fasta,/home/sam/Software/PansimNuc/testing/Zymo_EarlGrey_chr19.gff,50,500,1e-8,double_exp,1e1,1e1,0.5,false,1e-30,true
76,/home/sam/Software/PansimNuc/testing/Zymo_chr19.gff,/home/sam/Software/PansimNuc/testing/Zymo_chr19.fasta,/home/sam/Software/PansimNuc/testing/Zymo_EarlGrey_chr19.gff,50,500,1e-8,double_exp,1e1,1e1,0.5,false,1e-8,true
77,/home/sam/Software/PansimNuc/testing/Zymo_chr19.gff,/home/sam/Software/PansimNuc/testing/Zymo_chr19.fasta,/home/sam/Software/PansimNuc/testing/Zymo_EarlGrey_chr19.gff,50,500,1e-8,double_exp,1e1,1e1,0.5,false,1e-5,true
78,/home/sam/Software/PansimNuc/testing/Zymo_chr19.gff,/home/sam/Software/PansimNuc/testing/Zymo_chr19.fasta,/home/sam/Software/PansimNuc/testing/Zymo_EarlGrey_chr19.gff,50,500,1e-8,double_exp,1e1,1e1,0.9,false,1e-30,true
79,/home/sam/Software/PansimNuc/testing/Zymo_chr19.gff,/home/sam/Software/PansimNuc/testing/Zymo_chr19.fasta,/home/sam/Software/PansimNuc/testing/Zymo_EarlGrey_chr19.gff,50,500,1e-8,double_exp,1e1,1e1,0.9,false,1e-8,true
80,/home/sam/Software/PansimNuc/testing/Zymo_chr19.gff,/home/sam/Software/PansimNuc/testing/Zymo_chr19.fasta,/home/sam/Software/PansimNuc/testing/Zymo_EarlGrey_chr19.gff,50,500,1e-8,double_exp,1e1,1e1,0.9,false,1e-5,true
81,/home/sam/Software/PansimNuc/testing/Zymo_chr19.gff,/home/sam/Software/PansimNuc/testing/Zymo_chr19.fasta,/home/sam/Software/PansimNuc/testing/Zymo_EarlGrey_chr19.gff,50,500,1e-6,double_exp,1e14,1e14,0.1,false,1e-30,true
82,/home/sam/Software/PansimNuc/testing/Zymo_chr19.gff,/home/sam/Software/PansimNuc/testing/Zymo_chr19.fasta,/home/sam/Software/PansimNuc/testing/Zymo_EarlGrey_chr19.gff,50,500,1e-6,double_exp,1e14,1e14,0.1,false,1e-8,true
83,/home/sam/Software/PansimNuc/testing/Zymo_chr19.gff,/home/sam/Software/PansimNuc/testing/Zymo_chr19.fasta,/home/sam/Software/PansimNuc/testing/Zymo_EarlGrey_chr19.gff,50,500,1e-6,double_exp,1e14,1e14,0.1,false,1e-5,true
84,/home/sam/Software/PansimNuc/testing/Zymo_chr19.gff,/home/sam/Software/PansimNuc/testing/Zymo_chr19.fasta,/home/sam/Software/PansimNuc/testing/Zymo_EarlGrey_chr19.gff,50,500,1e-6,double_exp,1e14,1e14,0.5,false,1e-30,true
85,/home/sam/Software/PansimNuc/testing/Zymo_chr19.gff,/home/sam/Software/PansimNuc/testing/Zymo_chr19.fasta,/home/sam/Software/PansimNuc/testing/Zymo_EarlGrey_chr19.gff,50,500,1e-6,double_exp,1e14,1e14,0.5,false,1e-8,true
86,/home/sam/Software/PansimNuc/testing/Zymo_chr19.gff,/home/sam/Software/PansimNuc/testing/Zymo_chr19.fasta,/home/sam/Software/PansimNuc/testing/Zymo_EarlGrey_chr19.gff,50,500,1e-6,double_exp,1e14,1e14,0.5,false,1e-5,true
87,/home/sam/Software/PansimNuc/testing/Zymo_chr19.gff,/home/sam/Software/PansimNuc/testing/Zymo_chr19.fasta,/home/sam/Software/PansimNuc/testing/Zymo_EarlGrey_chr19.gff,50,500,1e-6,double_exp,1e14,1e14,0.9,false,1e-30,true
88,/home/sam/Software/PansimNuc/testing/Zymo_chr19.gff,/home/sam/Software/PansimNuc/testing/Zymo_chr19.fasta,/home/sam/Software/PansimNuc/testing/Zymo_EarlGrey_chr19.gff,50,500,1e-6,double_exp,1e14,1e14,0.9,false,1e-8,true
89,/home/sam/Software/PansimNuc/testing/Zymo_chr19.gff,/home/sam/Software/PansimNuc/testing/Zymo_chr19.fasta,/home/sam/Software/PansimNuc/testing/Zymo_EarlGrey_chr19.gff,50,500,1e-6,double_exp,1e14,1e14,0.9,false,1e-5,true
90,/home/sam/Software/PansimNuc/testing/Zymo_chr19.gff,/home/sam/Software/PansimNuc/testing/Zymo_chr19.fasta,/home/sam/Software/PansimNuc/testing/Zymo_EarlGrey_chr19.gff,50,500,1e-6,double_exp,1e14,1e4,0.1,false,1e-30,true
91,/home/sam/Software/PansimNuc/testing/Zymo_chr19.gff,/home/sam/Software/PansimNuc/testing/Zymo_chr19.fasta,/home/sam/Software/PansimNuc/testing/Zymo_EarlGrey_chr19.gff,50,500,1e-6,double_exp,1e14,1e4,0.1,false,1e-8,true
92,/home/sam/Software/PansimNuc/testing/Zymo_chr19.gff,/home/sam/Software/PansimNuc/testing/Zymo_chr19.fasta,/home/sam/Software/PansimNuc/testing/Zymo_EarlGrey_chr19.gff,50,500,1e-6,double_exp,1e14,1e4,0.1,false,1e-5,true
93,/home/sam/Software/PansimNuc/testing/Zymo_chr19.gff,/home/sam/Software/PansimNuc/testing/Zymo_chr19.fasta,/home/sam/Software/PansimNuc/testing/Zymo_EarlGrey_chr19.gff,50,500,1e-6,double_exp,1e14,1e4,0.5,false,1e-30,true
94,/home/sam/Software/PansimNuc/testing/Zymo_chr19.gff,/home/sam/Software/PansimNuc/testing/Zymo_chr19.fasta,/home/sam/Software/PansimNuc/testing/Zymo_EarlGrey_chr19.gff,50,500,1e-6,double_exp,1e14,1e4,0.5,false,1e-8,true
95,/home/sam/Software/PansimNuc/testing/Zymo_chr19.gff,/home/sam/Software/PansimNuc/testing/Zymo_chr19.fasta,/home/sam/Software/PansimNuc/testing/Zymo_EarlGrey_chr19.gff,50,500,1e-6,double_exp,1e14,1e4,0.5,false,1e-5,true
96,/home/sam/Software/PansimNuc/testing/Zymo_chr19.gff,/home/sam/Software/PansimNuc/testing/Zymo_chr19.fasta,/home/sam/Software/PansimNuc/testing/Zymo_EarlGrey_chr19.gff,50,500,1e-6,double_exp,1e14,1e4,0.9,false,1e-30,true
97,/home/sam/Software/PansimNuc/testing/Zymo_chr19.gff,/home/sam/Software/PansimNuc/testing/Zymo_chr19.fasta,/home/sam/Software/PansimNuc/testing/Zymo_EarlGrey_chr19.gff,50,500,1e-6,double_exp,1e14,1e4,0.9,false,1e-8,true
98,/home/sam/Software/PansimNuc/testing/Zymo_chr19.gff,/home/sam/Software/PansimNuc/testing/Zymo_chr19.fasta,/home/sam/Software/PansimNuc/testing/Zymo_EarlGrey_chr19.gff,50,500,1e-6,double_exp,1e14,1e4,0.9,false,1e-5,true
99,/home/sam/Software/PansimNuc/testing/Zymo_chr19.gff,/home/sam/Software/PansimNuc/testing/Zymo_chr19.fasta,/home/sam/Software/PansimNuc/testing/Zymo_EarlGrey_chr19.gff,50,500,1e-6,double_exp,1e14,1e1,0.1,false,1e-30,true
100,/home/sam/Software/PansimNuc/testing/Zymo_chr19.gff,/home/sam/Software/PansimNuc/testing/Zymo_chr19.fasta,/home/sam/Software/PansimNuc/testing/Zymo_EarlGrey_chr19.gff,50,500,1e-6,double_exp,1e14,1e1,0.1,false,1e-8,true
101,/home/sam/Software/PansimNuc/testing/Zymo_chr19.gff,/home/sam/Software/PansimNuc/testing/Zymo_chr19.fasta,/home/sam/Software/PansimNuc/testing/Zymo_EarlGrey_chr19.gff,50,500,1e-6,double_exp,1e14,1e1,0.1,false,1e-5,true
102,/home/sam/Software/PansimNuc/testing/Zymo_chr19.gff,/home/sam/Software/PansimNuc/testing/Zymo_chr19.fasta,/home/sam/Software/PansimNuc/testing/Zymo_EarlGrey_chr19.gff,50,500,1e-6,double_exp,1e14,1e1,0.5,false,1e-30,true
103,/home/sam/Software/PansimNuc/testing/Zymo_chr19.gff,/home/sam/Software/PansimNuc/testing/Zymo_chr19.fasta,/home/sam/Software/PansimNuc/testing/Zymo_EarlGrey_chr19.gff,50,500,1e-6,double_exp,1e14,1e1,0.5,false,1e-8,true
104,/home/sam/Software/PansimNuc/testing/Zymo_chr19.gff,/home/sam/Software/PansimNuc/testing/Zymo_chr19.fasta,/home/sam/Software/PansimNuc/testing/Zymo_EarlGrey_chr19.gff,50,500,1e-6,double_exp,1e14,1e1,0.5,false,1e-5,true
105,/home/sam/Software/PansimNuc/testing/Zymo_chr19.gff,/home/sam/Software/PansimNuc/testing/Zymo_chr19.fasta,/home/sam/Software/PansimNuc/testing/Zymo_EarlGrey_chr19.gff,50,500,1e-6,double_exp,1e14,1e1,0.9,false,1e-30,true
106,/home/sam/Software/PansimNuc/testing/Zymo_chr19.gff,/home/sam/Software/PansimNuc/testing/Zymo_chr19.fasta,/home/sam/Software/PansimNuc/testing/Zymo_EarlGrey_chr19.gff,50,500,1e-6,double_exp,1e14,1e1,0.9,false,1e-8,true
107,/home/sam/Software/PansimNuc/testing/Zymo_chr19.gff,/home/sam/Software/PansimNuc/testing/Zymo_chr19.fasta,/home/sam/Software/PansimNuc/testing/Zymo_EarlGrey_chr19.gff,50,500,1e-6,double_exp,1e14,1e1,0.9,false,1e-5,true
108,/home/sam/Software/PansimNuc/testing/Zymo_chr19.gff,/home/sam/Software/PansimNuc/testing/Zymo_chr19.fasta,/home/sam/Software/PansimNuc/testing/Zymo_EarlGrey_chr19.gff,50,500,1e-6,double_exp,1e4,1e14,0.1,false,1e-30,true
109,/home/sam/Software/PansimNuc/testing/Zymo_chr19.gff,/home/sam/Software/PansimNuc/testing/Zymo_chr19.fasta,/home/sam/Software/PansimNuc/testing/Zymo_EarlGrey_chr19.gff,50,500,1e-6,double_exp,1e4,1e14,0.1,false,1e-8,true
110,/home/sam/Software/PansimNuc/testing/Zymo_chr19.gff,/home/sam/Software/PansimNuc/testing/Zymo_chr19.fasta,/home/sam/Software/PansimNuc/testing/Zymo_EarlGrey_chr19.gff,50,500,1e-6,double_exp,1e4,1e14,0.1,false,1e-5,true
111,/home/sam/Software/PansimNuc/testing/Zymo_chr19.gff,/home/sam/Software/PansimNuc/testing/Zymo_chr19.fasta,/home/sam/Software/PansimNuc/testing/Zymo_EarlGrey_chr19.gff,50,500,1e-6,double_exp,1e4,1e14,0.5,false,1e-30,true
112,/home/sam/Software/PansimNuc/testing/Zymo_chr19.gff,/home/sam/Software/PansimNuc/testing/Zymo_chr19.fasta,/home/sam/Software/PansimNuc/testing/Zymo_EarlGrey_chr19.gff,50,500,1e-6,double_exp,1e4,1e14,0.5,false,1e-8,true
113,/home/sam/Software/PansimNuc/testing/Zymo_chr19.gff,/home/sam/Software/PansimNuc/testing/Zymo_chr19.fasta,/home/sam/Software/PansimNuc/testing/Zymo_EarlGrey_chr19.gff,50,500,1e-6,double_exp,1e4,1e14,0.5,false,1e-5,true
114,/home/sam/Software/PansimNuc/testing/Zymo_chr19.gff,/home/sam/Software/PansimNuc/testing/Zymo_chr19.fasta,/home/sam/Software/PansimNuc/testing/Zymo_EarlGrey_chr19.gff,50,500,1e-6,double_exp,1e4,1e14,0.9,false,1e-30,true
115,/home/sam/Software/PansimNuc/testing/Zymo_chr19.gff,/home/sam/Software/PansimNuc/testing/Zymo_chr19.fasta,/home/sam/Software/PansimNuc/testing/Zymo_EarlGrey_chr19.gff,50,500,1e-6,double_exp,1e4,1e14,0.9,false,1e-8,true
116,/home/sam/Software/PansimNuc/testing/Zymo_chr19.gff,/home/sam/Software/PansimNuc/testing/Zymo_chr19.fasta,/home/sam/Software/PansimNuc/testing/Zymo_EarlGrey_chr19.gff,50,500,1e-6,double_exp,1e4,1e14,0.9,false,1e-5,true
117,/home/sam/Software/PansimNuc/testing/Zymo_chr19.gff,/home/sam/Software/PansimNuc/testing/Zymo_chr19.fasta,/home/sam/Software/PansimNuc/testing/Zymo_EarlGrey_chr19.gff,50,500,1e-6,double_exp,1e4,1e4,0.1,false,1e-30,true
118,/home/sam/Software/PansimNuc/testing/Zymo_chr19.gff,/home/sam/Software/PansimNuc/testing/Zymo_chr19.fasta,/home/sam/Software/PansimNuc/testing/Zymo_EarlGrey_chr19.gff,50,500,1e-6,double_exp,1e4,1e4,0.1,false,1e-8,true
119,/home/sam/Software/PansimNuc/testing/Zymo_chr19.gff,/home/sam/Software/PansimNuc/testing/Zymo_chr19.fasta,/home/sam/Software/PansimNuc/testing/Zymo_EarlGrey_chr19.gff,50,500,1e-6,double_exp,1e4,1e4,0.1,false,1e-5,true
120,/home/sam/Software/PansimNuc/testing/Zymo_chr19.gff,/home/sam/Software/PansimNuc/testing/Zymo_chr19.fasta,/home/sam/Software/PansimNuc/testing/Zymo_EarlGrey_chr19.gff,50,500,1e-6,double_exp,1e4,1e4,0.5,false,1e-30,true
121,/home/sam/Software/PansimNuc/testing/Zymo_chr19.gff,/home/sam/Software/PansimNuc/testing/Zymo_chr19.fasta,/home/sam/Software/PansimNuc/testing/Zymo_EarlGrey_chr19.gff,50,500,1e-6,double_exp,1e4,1e4,0.5,false,1e-8,true
122,/home/sam/Software/PansimNuc/testing/Zymo_chr19.gff,/home/sam/Software/PansimNuc/testing/Zymo_chr19.fasta,/home/sam/Software/PansimNuc/testing/Zymo_EarlGrey_chr19.gff,50,500,1e-6,double_exp,1e4,1e4,0.5,false,1e-5,true
123,/home/sam/Software/PansimNuc/testing/Zymo_chr19.gff,/home/sam/Software/PansimNuc/testing/Zymo_chr19.fasta,/home/sam/Software/PansimNuc/testing/Zymo_EarlGrey_chr19.gff,50,500,1e-6,double_exp,1e4,1e4,0.9,false,1e-30,true
124,/home/sam/Software/PansimNuc/testing/Zymo_chr19.gff,/home/sam/Software/PansimNuc/testing/Zymo_chr19.fasta,/home/sam/Software/PansimNuc/testing/Zymo_EarlGrey_chr19.gff,50,500,1e-6,double_exp,1e4,1e4,0.9,false,1e-8,true
125,/home/sam/Software/PansimNuc/testing/Zymo_chr19.gff,/home/sam/Software/PansimNuc/testing/Zymo_chr19.fasta,/home/sam/Software/PansimNuc/testing/Zymo_EarlGrey_chr19.gff,50,500,1e-6,double_exp,1e4,1e4,0.9,false,1e-5,true
126,/home/sam/Software/PansimNuc/testing/Zymo_chr19.gff,/home/sam/Software/PansimNuc/testing/Zymo_chr19.fasta,/home/sam/Software/PansimNuc/testing/Zymo_EarlGrey_chr19.gff,50,500,1e-6,double_exp,1e4,1e1,0.1,false,1e-30,true
127,/home/sam/Software/PansimNuc/testing/Zymo_chr19.gff,/home/sam/Software/PansimNuc/testing/Zymo_chr19.fasta,/home/sam/Software/PansimNuc/testing/Zymo_EarlGrey_chr19.gff,50,500,1e-6,double_exp,1e4,1e1,0.1,false,1e-8,true
128,/home/sam/Software/PansimNuc/testing/Zymo_chr19.gff,/home/sam/Software/PansimNuc/testing/Zymo_chr19.fasta,/home/sam/Software/PansimNuc/testing/Zymo_EarlGrey_chr19.gff,50,500,1e-6,double_exp,1e4,1e1,0.1,false,1e-5,true
129,/home/sam/Software/PansimNuc/testing/Zymo_chr19.gff,/home/sam/Software/PansimNuc/testing/Zymo_chr19.fasta,/home/sam/Software/PansimNuc/testing/Zymo_EarlGrey_chr19.gff,50,500,1e-6,double_exp,1e4,1e1,0.5,false,1e-30,true
130,/home/sam/Software/PansimNuc/testing/Zymo_chr19.gff,/home/sam/Software/PansimNuc/testing/Zymo_chr19.fasta,/home/sam/Software/PansimNuc/testing/Zymo_EarlGrey_chr19.gff,50,500,1e-6,double_exp,1e4,1e1,0.5,false,1e-8,true
131,/home/sam/Software/PansimNuc/testing/Zymo_chr19.gff,/home/sam/Software/PansimNuc/testing/Zymo_chr19.fasta,/home/sam/Software/PansimNuc/testing/Zymo_EarlGrey_chr19.gff,50,500,1e-6,double_exp,1e4,1e1,0.5,false,1e-5,true
132,/home/sam/Software/PansimNuc/testing/Zymo_chr19.gff,/home/sam/Software/PansimNuc/testing/Zymo_chr19.fasta,/home/sam/Software/PansimNuc/testing/Zymo_EarlGrey_chr19.gff,50,500,1e-6,double_exp,1e4,1e1,0.9,false,1e-30,true
133,/home/sam/Software/PansimNuc/testing/Zymo_chr19.gff,/home/sam/Software/PansimNuc/testing/Zymo_chr19.fasta,/home/sam/Software/PansimNuc/testing/Zymo_EarlGrey_chr19.gff,50,500,1e-6,double_exp,1e4,1e1,0.9,false,1e-8,true
134,/home/sam/Software/PansimNuc/testing/Zymo_chr19.gff,/home/sam/Software/PansimNuc/testing/Zymo_chr19.fasta,/home/sam/Software/PansimNuc/testing/Zymo_EarlGrey_chr19.gff,50,500,1e-6,double_exp,1e4,1e1,0.9,false,1e-5,true
135,/home/sam/Software/PansimNuc/testing/Zymo_chr19.gff,/home/sam/Software/PansimNuc/testing/Zymo_chr19.fasta,/home/sam/Software/PansimNuc/testing/Zymo_EarlGrey_chr19.gff,50,500,1e-6,double_exp,1e1,1e14,0.1,false,1e-30,true
136,/home/sam/Software/PansimNuc/testing/Zymo_chr19.gff,/home/sam/Software/PansimNuc/testing/Zymo_chr19.fasta,/home/sam/Software/PansimNuc/testing/Zymo_EarlGrey_chr19.gff,50,500,1e-6,double_exp,1e1,1e14,0.1,false,1e-8,true
137,/home/sam/Software/PansimNuc/testing/Zymo_chr19.gff,/home/sam/Software/PansimNuc/testing/Zymo_chr19.fasta,/home/sam/Software/PansimNuc/testing/Zymo_EarlGrey_chr19.gff,50,500,1e-6,double_exp,1e1,1e14,0.1,false,1e-5,true
138,/home/sam/Software/PansimNuc/testing/Zymo_chr19.gff,/home/sam/Software/PansimNuc/testing/Zymo_chr19.fasta,/home/sam/Software/PansimNuc/testing/Zymo_EarlGrey_chr19.gff,50,500,1e-6,double_exp,1e1,1e14,0.5,false,1e-30,true
139,/home/sam/Software/PansimNuc/testing/Zymo_chr19.gff,/home/sam/Software/PansimNuc/testing/Zymo_chr19.fasta,/home/sam/Software/PansimNuc/testing/Zymo_EarlGrey_chr19.gff,50,500,1e-6,double_exp,1e1,1e14,0.5,false,1e-8,true
140,/home/sam/Software/PansimNuc/testing/Zymo_chr19.gff,/home/sam/Software/PansimNuc/testing/Zymo_chr19.fasta,/home/sam/Software/PansimNuc/testing/Zymo_EarlGrey_chr19.gff,50,500,1e-6,double_exp,1e1,1e14,0.5,false,1e-5,true
141,/home/sam/Software/PansimNuc/testing/Zymo_chr19.gff,/home/sam/Software/PansimNuc/testing/Zymo_chr19.fasta,/home/sam/Software/PansimNuc/testing/Zymo_EarlGrey_chr19.gff,50,500,1e-6,double_exp,1e1,1e14,0.9,false,1e-30,true
142,/home/sam/Software/PansimNuc/testing/Zymo_chr19.gff,/home/sam/Software/PansimNuc/testing/Zymo_chr19.fasta,/home/sam/Software/PansimNuc/testing/Zymo_EarlGrey_chr19.gff,50,500,1e-6,double_exp,1e1,1e14,0.9,false,1e-8,true
143,/home/sam/Software/PansimNuc/testing/Zymo_chr19.gff,/home/sam/Software/PansimNuc/testing/Zymo_chr19.fasta,/home/sam/Software/PansimNuc/testing/Zymo_EarlGrey_chr19.gff,50,500,1e-6,double_exp,1e1,1e14,0.9,false,1e-5,true
144,/home/sam/Software/PansimNuc/testing/Zymo_chr19.gff,/home/sam/Software/PansimNuc/testing/Zymo_chr19.fasta,/home/sam/Software/PansimNuc/testing/Zymo_EarlGrey_chr19.gff,50,500,1e-6,double_exp,1e1,1e4,0.1,false,1e-30,true
145,/home/sam/Software/PansimNuc/testing/Zymo_chr19.gff,/home/sam/Software/PansimNuc/testing/Zymo_chr19.fasta,/home/sam/Software/PansimNuc/testing/Zymo_EarlGrey_chr19.gff,50,500,1e-6,double_exp,1e1,1e4,0.1,false,1e-8,true
146,/home/sam/Software/PansimNuc/testing/Zymo_chr19.gff,/home/sam/Software/PansimNuc/testing/Zymo_chr19.fasta,/home/sam/Software/PansimNuc/testing/Zymo_EarlGrey_chr19.gff,50,500,1e-6,double_exp,1e1,1e4,0.1,false,1e-5,true
147,/home/sam/Software/PansimNuc/testing/Zymo_chr19.gff,/home/sam/Software/PansimNuc/testing/Zymo_chr19.fasta,/home/sam/Software/PansimNuc/testing/Zymo_EarlGrey_chr19.gff,50,500,1e-6,double_exp,1e1,1e4,0.5,false,1e-30,true
148,/home/sam/Software/PansimNuc/testing/Zymo_chr19.gff,/home/sam/Software/PansimNuc/testing/Zymo_chr19.fasta,/home/sam/Software/PansimNuc/testing/Zymo_EarlGrey_chr19.gff,50,500,1e-6,double_exp,1e1,1e4,0.5,false,1e-8,true
149,/home/sam/Software/PansimNuc/testing/Zymo_chr19.gff,/home/sam/Software/PansimNuc/testing/Zymo_chr19.fasta,/home/sam/Software/PansimNuc/testing/Zymo_EarlGrey_chr19.gff,50,500,1e-6,double_exp,1e1,1e4,0.5,false,1e-5,true
150,/home/sam/Software/PansimNuc/testing/Zymo_chr19.gff,/home/sam/Software/PansimNuc/testing/Zymo_chr19.fasta,/home/sam/Software/PansimNuc/testing/Zymo_EarlGrey_chr19.gff,50,500,1e-6,double_exp,1e1,1e4,0.9,false,1e-30,true
151,/home/sam/Software/PansimNuc/testing/Zymo_chr19.gff,/home/sam/Software/PansimNuc/testing/Zymo_chr19.fasta,/home/sam/Software/PansimNuc/testing/Zymo_EarlGrey_chr19.gff,50,500,1e-6,double_exp,1e1,1e4,0.9,false,1e-8,true
152,/home/sam/Software/PansimNuc/testing/Zymo_chr19.gff,/home/sam/Software/PansimNuc/testing/Zymo_chr19.fasta,/home/sam/Software/PansimNuc/testing/Zymo_EarlGrey_chr19.gff,50,500,1e-6,double_exp,1e1,1e4,0.9,false,1e-5,true
153,/home/sam/Software/PansimNuc/testing/Zymo_chr19.gff,/home/sam/Software/PansimNuc/testing/Zymo_chr19.fasta,/home/sam/Software/PansimNuc/testing/Zymo_EarlGrey_chr19.gff,50,500,1e-6,double_exp,1e1,1e1,0.1,false,1e-30,true
154,/home/sam/Software/PansimNuc/testing/Zymo_chr19.gff,/home/sam/Software/PansimNuc/testing/Zymo_chr19.fasta,/home/sam/Software/PansimNuc/testing/Zymo_EarlGrey_chr19.gff,50,500,1e-6,double_exp,1e1,1e1,0.1,false,1e-8,true
155,/home/sam/Software/PansimNuc/testing/Zymo_chr19.gff,/home/sam/Software/PansimNuc/testing/Zymo_chr19.fasta,/home/sam/Software/PansimNuc/testing/Zymo_EarlGrey_chr19.gff,50,500,1e-6,double_exp,1e1,1e1,0.1,false,1e-5,true
156,/home/sam/Software/PansimNuc/testing/Zymo_chr19.gff,/home/sam/Software/PansimNuc/testing/Zymo_chr19.fasta,/home/sam/Software/PansimNuc/testing/Zymo_EarlGrey_chr19.gff,50,500,1e-6,double_exp,1e1,1e1,0.5,false,1e-30,true
157,/home/sam/Software/PansimNuc/testing/Zymo_chr19.gff,/home/sam/Software/PansimNuc/testing/Zymo_chr19.fasta,/home/sam/Software/PansimNuc/testing/Zymo_EarlGrey_chr19.gff,50,500,1e-6,double_exp,1e1,1e1,0.5,false,1e-8,true
158,/home/sam/Software/PansimNuc/testing/Zymo_chr19.gff,/home/sam/Software/PansimNuc/testing/Zymo_chr19.fasta,/home/sam/Software/PansimNuc/testing/Zymo_EarlGrey_chr19.gff,50,500,1e-6,double_exp,1e1,1e1,0.5,false,1e-5,true
159,/home/sam/Software/PansimNuc/testing/Zymo_chr19.gff,/home/sam/Software/PansimNuc/testing/Zymo_chr19.fasta,/home/sam/Software/PansimNuc/testing/Zymo_EarlGrey_chr19.gff,50,500,1e-6,double_exp,1e1,1e1,0.9,false,1e-30,true
160,/home/sam/Software/PansimNuc/testing/Zymo_chr19.gff,/home/sam/Software/PansimNuc/testing/Zymo_chr19.fasta,/home/sam/Software/PansimNuc/testing/Zymo_EarlGrey_chr19.gff,50,500,1e-6,double_exp,1e1,1e1,0.9,false,1e-8,true
161,/home/sam/Software/PansimNuc/testing/Zymo_chr19.gff,/home/sam/Software/PansimNuc/testing/Zymo_chr19.fasta,/home/sam/Software/PansimNuc/testing/Zymo_EarlGrey_chr19.gff,50,500,1e-6,double_exp,1e1,1e1,0.9,false,1e-5,true
